Email,Avg..Session.Length,Time.on.App,Time.on.Website,Length.of.Membership,Address,Yearly.Amount.Spent,Avatar
mstephenson@fernandez.com,34.49726772511229,12.655651149166752,39.57766801952616,4.082620632952961,"835 Frank Tunnel
Wrightmouth, MI 82180-9605",587.9510539684005,Violet
hduke@hotmail.com,31.926272026360156,11.109460728682564,37.268958868297744,2.66403418213262,"4547 Archer Common
Diazchester, CA 06566-8576",392.2049334443264,DarkGreen
pallen@yahoo.com,33.000914755642675,11.330278057777512,37.11059744212085,4.104543202376424,"24645 Valerie Unions Suite 582
Cobbborough, DC 99414-7564",487.54750486747207,Bisque
riverarebecca@gmail.com,34.30555662975554,13.717513665142508,36.72128267790313,3.1201787827480914,"1414 David Throughway
Port Jason, OH 22070-1220",581.8523440352178,SaddleBrown
mstephens@davidson-herman.com,33.33067252364639,12.795188551078114,37.53665330059473,4.446308318351435,"14023 Rodriguez Passage
Port Jacobville, PR 37242-1057",599.4060920457634,MediumAquaMarine
alvareznancy@lucas.biz,33.87103787934198,12.026925339755058,34.47687762925054,5.493507201364199,"645 Martha Park Apt. 611
Jeffreychester, MN 67218-7250",637.102447915074,FloralWhite
katherine20@yahoo.com,32.02159550138701,11.366348309710526,36.683776152869605,4.6850172465709115,"68388 Reyes Lights Suite 692
Josephbury, WV 92213-0247",521.5721747578274,DarkSlateBlue
awatkins@yahoo.com,32.739142938380326,12.35195897300293,37.373358858547554,4.4342734348999375,"Unit 6538 Box 8980
DPO AP 09026-4941",549.9041461052942,Aqua
vchurch@walter-martinez.com,33.98777289568564,13.386235275676434,37.534497341555735,3.2734335777477144,"860 Lee Key
West Debra, SD 97450-0495",570.2004089636195,Salmon
bonnie69@lin.biz,31.936548618448914,11.814128294972196,37.14516822352819,3.202806071553459,"PSC 2734, Box 5255
APO AA 98456-7482",427.19938489532814,Brown
andrew06@peterson.com,33.99257277495374,13.338975447662111,37.22580613162114,2.4826077705105956,"26104 Alexander Groves
Alexandriaport, WY 28244-9149",492.6060127179966,Tomato
ryanwerner@freeman.biz,33.87936082480498,11.584782999535266,37.087926070983805,3.71320920294043,"Unit 2413 Box 0347
DPO AA 07580-2652",522.3374046069357,Tomato
knelson@gmail.com,29.532428967057946,10.961298400154098,37.42021557502538,4.046423164299585,"6705 Miller Orchard Suite 186
Lake Shanestad, MO 75696-5051",408.64035107262754,RoyalBlue
wrightpeter@yahoo.com,33.19033404372265,12.959226091609382,36.144666700041924,3.9185418391589986,"05302 Dunlap Ferry
New Stephaniehaven, MP 42268",573.4158673313865,Bisque
taylormason@gmail.com,32.38797585315387,13.148725692056516,36.61995708279922,2.494543646659249,"7773 Powell Springs Suite 190
Samanthaland, ND 44358",470.45273330095546,DarkBlue
jstark@anderson.com,30.737720372628186,12.636606052000129,36.213763093698624,3.357846842326294,"49558 Ramirez Road Suite 399
Phillipstad, OH 35641-3238",461.7807421962299,Peru
wjennings@gmail.com,32.12538689728784,11.733861690857392,34.8940927514398,3.1361327164897803,"6362 Wilson Mountain
Johnsonfurt, GA 15169",457.84769594494855,PowderBlue
rebecca45@hale-bauer.biz,32.33889932306719,12.0131946940144,38.38513659413844,2.420806160901484,"8982 Burton Row
Wilsonton, PW 88606",407.7045475495441,OliveDrab
alejandro75@hotmail.com,32.187812045932155,14.715387544156501,38.244114594343515,1.5165755808319439,"64475 Andre Club Apt. 795
Port Dannytown, PW 63227",452.31567548003545,Cyan
samuel46@love-west.net,32.61785606282345,13.989592555825254,37.190503800397956,4.064548550437977,"544 Alexander Heights Suite 768
North Johnview, MT 57912",605.061038804892,LightSeaGreen
megan33@gmail.com,32.91278511115979,11.365492025516156,37.60779252420698,4.599937357614995,"84426 Julia Vista
North Teresa, KY 50756",534.7057438060227,PeachPuff
agolden@yahoo.com,33.503087256719724,12.87798369625634,37.44102133556604,1.559151939957077,"PSC 2490, Box 2120
APO AE 15445-2876",419.9387748391792,Black
vstafford@hotmail.com,31.531604482572902,13.378562784168986,38.734006289897124,2.2451477874052825,"PSC 5723, Box 8159
APO AA 74738",436.51560572936256,Olive
denise22@hernandez-townsend.com,32.903250973372074,11.657575922065584,36.77260376125875,3.9193023085531835,"USNS Cardenas
FPO AA 85439-9449",519.3409891307888,Silver
youngbarbara@yahoo.com,34.50755099852662,12.893669504071738,37.63575587790592,5.705153970601026,"019 Elliott Tunnel Suite 190
Nicholsbury, WV 60804-4440",700.9170916173961,Wheat
william25@mcconnell.com,33.02933195350689,11.765812645482358,37.738524945579094,2.7217359920452187,"9495 Mary Fall Apt. 777
Glassport, ND 17957-5596",423.17999168059777,Teal
ijones@schaefer-carr.net,33.54123131310037,12.78389178427502,36.430649621049305,4.648199316428601,"657 Judith Crossroad
Hancockchester, VI 75658-5788",619.8956398616368,Linen
heatherhall@yahoo.com,32.33598963740772,13.007819424388568,37.85177916943607,2.996364526268539,"8522 Regina Port Suite 782
Port Kaitlin, TX 50501-7264",486.83893476506273,MediumSlateBlue
tinasmith@martinez.info,33.11020505771776,11.982044994015611,35.29308775436051,3.9234887455274374,"40000 Ann Port Suite 474
Youngberg, MS 03651",529.537665336851,LemonChiffon
chasejennifer@hotmail.com,33.10543794246846,11.965020002997898,37.27781174207212,4.742577519573315,"9507 Robert Prairie Apt. 601
East Crystalview, SC 56814",554.7220838330761,DarkOrchid
jenniferbarnett@gmail.com,33.24190043446127,12.305417813429445,36.16364817104465,3.062368145311689,"0772 Michael Isle Suite 617
Meyerstown, WA 45449-6768",497.58667130044074,SeaGreen
jared39@hotmail.com,33.46105629551836,10.869163814130363,35.62244242064545,3.471413452477678,"739 David Isle Suite 818
Chandlertown, DC 34587",447.6879065360586,SteelBlue
briancarlson@page-fleming.com,32.175501237949376,13.387492105579694,35.69417498569782,4.343062915388998,"USCGC Gill
FPO AA 26496",588.7126055095755,DarkMagenta
joshuaodom@gmail.com,32.72836000313375,13.104507242875801,38.878040506759845,2.8200972339734696,"5277 Patel Brook
East Audrey, NJ 19075",491.07322367951974,DarkGoldenRod
vickie90@lee-wilson.com,32.82030994541536,11.634893252550466,35.36862632536302,4.1245852967146535,"9135 Rodriguez Dam
Ramirezberg, MS 77223",507.44183233961667,DarkSeaGreen
duane56@hotmail.com,33.61603789276768,11.936386499892283,38.768640998026676,3.649286157714702,"24373 Mcgee Drive Apt. 990
New Mariahaven, NH 14470",521.8835731664784,Gainsboro
enash@gmail.com,31.721652360509037,11.75502370305383,36.765722357858394,1.8473704233395085,"997 Campbell Flat Suite 970
East Amanda, PW 22048",347.7769266318726,HotPink
sandraharrison@bailey-gordon.net,32.8653271748764,11.984417523634924,37.0443614002997,3.452388582630727,"7835 Rogers Roads
East Amberhaven, MI 70835-2286",490.7386321439546,LightSeaGreen
cunninghamwilliam@hotmail.com,32.74936818112046,9.954975969174418,37.38831486719822,4.650491269094463,"4589 Dan Fords
Beasleyburgh, ME 96590-8272",478.1703340540876,HoneyDew
teresaallen@hill-leach.info,32.56723048027511,12.489013215743665,36.37147981406854,4.22243622534277,"1958 Robert Bridge Apt. 250
Malloryland, ID 03393-5336",537.8461952695957,WhiteSmoke
rhonda96@little.org,32.07054622092545,11.733106220383402,37.53429101112127,4.671275460906252,"2977 Perez Row
Lake Jack, TN 45336-9436",532.7517875818365,GhostWhite
lisacabrera@yahoo.com,33.01954798572344,10.634561317920278,37.49669014561275,4.646119976606155,"9801 Thomas Pike Suite 058
Brandishire, AK 88122-1314",501.87443028426947,DarkSlateBlue
jasonrichardson@elliott.com,33.79203907501622,12.507525374016035,37.14286198458455,4.214495086037866,"18372 Matthew Fork Suite 705
North Matthewmouth, KY 99737",591.1971781805905,Chocolate
hoovernicole@dorsey.net,32.89398062181101,11.52987820576495,36.888086054199256,4.643258549800133,"69403 Hernandez Knolls
Marciashire, DE 36417-5667",547.2443434159983,HoneyDew
christopher20@gmail.com,32.04448612744043,13.41493473585169,36.11243501077792,2.258686386946843,"USNV Fuller
FPO AE 32122-5711",448.22982918655,Snow
brianwilson@yahoo.com,34.555767994657494,12.170525424959397,39.13109673366661,3.663105491283854,"448 Stewart Divide
New Ashleyfort, FM 84050",549.860590464497,BurlyWood
gonzaleskatie@gmail.com,34.56455770619167,13.14655143290706,37.335445894325716,3.8768751769237673,"70129 Darrell Spring
Thomasmouth, HI 39319-2739",593.915002968289,Moccasin
lsmith@chung.com,32.726784597863976,12.988510147185293,36.46200325853961,4.113226122724209,"412 Jackson River
Kleinburgh, KS 52039-7404",563.6728733601082,BlueViolet
dongarcia@hotmail.com,33.117218732994786,11.86412635894251,36.582727765406275,3.202531199210734,"546 Benjamin Lights Suite 421
Romerofurt, NC 43746-4501",479.73194908594513,MediumBlue
kimberly46@garcia-nelson.biz,31.661049822746076,11.398064190096813,36.59445670006827,3.198399271684906,"4066 Gonzalez Dam Apt. 277
West Jessica, TN 36880",416.35835357990084,GreenYellow
william82@gmail.com,33.25633546983111,13.85806246213124,37.78026468722867,5.97676812602,"11143 Park Squares
Samanthatown, UT 97073",725.5848140556805,SandyBrown
brenda82@maldonado-gonzalez.net,33.90022441401576,10.956790967791651,37.266878259420906,2.9526689579217362,"645 Elizabeth Pass
Williamview, MS 51544",442.66725173862795,MediumVioletRed
josephgould@west.info,34.18777482695728,10.320116255059192,37.45340510152358,2.0948917061051766,"861 Annette Stream Suite 771
North Miguel, CA 33824-1610",384.6265715694054,DarkBlue
wbrady@yahoo.com,33.76206923913139,9.98451439654646,35.93344930095986,3.85547168456418,"044 Riggs Expressway
Lake Stevenchester, AL 22283",451.4574468676027,SandyBrown
smithtracey@mcgee.com,34.390163664343326,12.64519514084352,38.46832110587932,2.8745969103039517,"PSC 4508, Box 7961
APO AA 55271-2375",522.40414125956,DarkOliveGreen
amberchase@fowler.info,33.92529660119954,11.588655423353044,35.25224202243303,3.3920504890738385,"1867 Gregory Isle Suite 022
Port Tammy, LA 52305-9696",483.6733080190456,GreenYellow
gregoryholmes@hotmail.com,32.68822929602445,13.761532847115612,39.25293095040623,2.995761182613056,"2891 Martin Plain Suite 197
Melaniestad, NE 65650-8529",520.8987944502368,DarkSalmon
jeffreydawson@gmail.com,34.3018702154015,10.568294685632761,36.17312563197192,3.315224753915403,"9944 Trevor Expressway
Robinsonstad, OR 34630-1840",453.16950235469744,DarkSeaGreen
rjohns@gmail.com,32.843930222655175,11.832286222863628,36.81401056250368,3.4719191365417483,"264 Derek Dam Apt. 680
West Danielle, SD 91517-8611",496.650708068581,DeepPink
john85@martin-morgan.com,33.75499472831927,12.06415663219932,37.271221692501925,3.9705556280753487,"USNV Reese
FPO AA 73568-0730",547.3651405940458,Olive
vcoleman@yahoo.com,33.879784289702826,12.495591602384836,38.052609752573076,4.639320331857264,"7761 Hughes Curve Apt. 880
Rodriguezberg, MN 96206-5317",616.8515229667128,SkyBlue
floresarthur@yahoo.com,33.07653560709715,9.607314687519166,36.49399254673739,5.081210092491108,"12612 Johnson Skyway Suite 764
Jessicaville, CT 14968-6590",507.21256900067846,Magenta
ryan36@gmail.com,32.22729913636721,13.728627177429864,37.99702800956553,4.8026306305233755,"5379 Rhonda Prairie Apt. 696
Brownland, WA 87027",613.5993233689068,DarkTurquoise
chris67@ryan.biz,32.789772618310714,11.670065919118978,37.4087484767376,3.4146884225048972,"716 Bush Greens Apt. 098
Trevorton, MA 17817-8000",483.15972078451705,Silver
katie25@gmail.com,32.77260992960089,13.276313008175375,36.60077705432864,3.4622988474603718,"6861 Lopez Fork Apt. 114
South Jamiechester, DE 63993",540.2634004105403,SpringGreen
kyang@diaz.org,34.374258045247466,15.126994288792467,37.15762409406526,5.377593583586978,"223 Love Trail Suite 831
Port Jeffrey, IN 46849",765.5184619388372,OliveDrab
tadams@contreras.info,33.0787172146689,12.695789749023145,35.358444307206696,4.001786345798084,"049 Matthew Terrace
Lake Matthew, MS 20210",553.6015346844503,Aqua
craigcastro@burgess.com,32.80522040097184,11.835476087614284,36.375066106372905,3.4395905595500764,"65407 Warner Forges Suite 071
New Lori, AZ 30132-2395",469.31086149531063,OrangeRed
ellen24@anthony.com,32.43075793005128,11.306232344673575,37.68040322813719,2.7795207192736093,"PSC 3408, Box 3353
APO AE 05113-1257",408.62018782983785,LimeGreen
davisrobert@hicks-smith.com,32.179099972602344,11.187538910878676,40.005181638101895,3.5526497674265176,"95967 Pitts Burgs
West Sarah, MH 27817-5147",451.575685159493,SkyBlue
walkerlaura@peterson-yates.com,33.15417578832186,11.887494133971662,36.265000697022046,2.6022871120328714,"89154 Jones Stream Suite 311
East Katie, NC 72742-1516",444.96655165329264,LightGreen
marc54@hotmail.com,34.33589583979252,12.2289347111239,36.1571911511149,4.694322274442824,"Unit 6174 Box 1949
DPO AP 27478",595.8228366992037,SandyBrown
gregoryrussell@yahoo.com,32.38625185558597,10.674653472691903,38.006583179477666,3.4015223445155094,"55436 Devon Plain
West Kendraberg, HI 18826-3623",418.1500810968496,Teal
williamsjohnny@ferguson.info,32.80869759268502,12.817113090284248,37.031539216766284,3.8515788003584657,"51920 Kent Junctions Apt. 352
Walkerport, NY 11257-6647",534.7771880994133,LightYellow
haydenrebecca@gmail.com,33.87974496798125,13.5878060830337,38.260353442660126,3.25811288288828,"10022 Wilson Orchard Suite 107
Harrisstad, MH 99272",578.2416050583773,MintCream
langmatthew@hotmail.com,32.04983939045731,12.238057349986248,38.73086173541955,3.120568914816974,"606 Perez Drives
Maryside, CO 94387-5877",478.7193568742153,DimGray
david43@richards.com,33.55520742143224,11.55182116621942,36.628834292811774,2.837943164069798,"967 Andrew Spurs
Mathistown, CO 28230",444.28590749764356,Indigo
paulkemp@yahoo.com,33.14207932732039,11.433379933334457,35.89243163440533,4.470282584120023,"PSC 9698, Box 5466
APO AE 75496-3580",544.7798637193825,LightSalmon
fbryant@gmail.com,32.59718265981362,10.889566863427978,38.21257083414733,4.442054329011166,"284 Jennifer Curve
Lake Hollyberg, IN 05228",488.7860610939056,GreenYellow
kimberlyfrederick@gmail.com,33.167136876950536,11.928842093866267,36.91463331144087,3.164943995285113,"71299 Jessica Shoals
East Mark, IA 48085-1070",475.75906778832797,DeepSkyBlue
sharon82@saunders.info,31.514737857801983,12.595671305072534,39.600376465861395,3.7517345520890513,"873 Clay Flats Apt. 810
Lake Kyle, GU 48782",489.8124879964614,DarkGreen
fishermichael@ramos.com,34.59402114954151,10.947258584185185,35.88399438701215,3.1597544439509266,"565 Duarte Keys Suite 293
Traceytown, IN 17797",462.8976361529081,LimeGreen
ilawson@hotmail.com,33.50136982210362,13.898081993497069,37.0589128165069,4.130562809236323,"19018 Christopher Neck Apt. 963
Mcintoshchester, IA 66908-2456",596.4301726172283,DarkGoldenRod
shafferdaniel@murphy-harris.info,32.40237101796123,10.875559548189255,37.78114255999947,1.9140899242310996,"USCGC Thomas
FPO AP 43708-2468",338.31986264152215,Turquoise
stevenanderson@yahoo.com,34.65548567957987,10.33807269503854,36.15725594420065,4.396651901097083,"5401 Holt Corner Apt. 195
Hannahstad, NC 86693-3595",533.5149352552407,LightGreen
richard16@boyer-pratt.com,31.809300316679188,11.634668217942473,36.182539282355286,5.113319474870622,"4568 Jeffrey Lane Apt. 512
South Jason, WV 78116-0966",536.7718993628412,LightSteelBlue
hyoung@jones.info,33.877779300122526,12.517666287393077,37.151920660971435,2.6699416242795815,"73469 Baker Forest Apt. 550
Allenbury, TX 63791",487.3793060170291,Cornsilk
erik46@hotmail.com,34.447871436480774,10.607723870859086,36.81909551318471,3.3664637433729325,"20711 Martin Harbors Apt. 582
New Justinborough, AK 40834-2664",473.7289665129948,LemonChiffon
rojasmichael@wagner-thomas.com,31.956300560523367,12.828893395018701,36.951616684246815,4.571213023779052,"7602 Scott Plaza Apt. 158
Lake Amberland, VI 10516-3276",547.1259317471988,DarkKhaki
lance88@briggs.com,32.6055836415705,12.068816079691766,36.1050004999139,3.917451119136939,"16001 Wilkins Island Suite 852
Jonathanfort, AL 88541-7817",505.1133435398579,FireBrick
anthony09@hotmail.com,32.49144660312287,12.530357373542882,37.87521910003027,2.476139050596411,"5118 Madden Views Apt. 738
North Barryport, AS 28731-2270",449.0703194428044,LightSeaGreen
audreyjohnson@rosales.com,33.616018552595435,13.516284296962846,36.77312349371806,4.125584363255396,"USCGC Nicholson
FPO AE 43987-0470",611.0000251040717,SlateGray
beth76@yahoo.com,33.47160052695171,11.662263431208277,36.05024078202619,3.9972553776226674,"4522 Paul Heights Suite 851
Adamsland, RI 08981",515.8288148548279,Crimson
larrywest@davis.com,33.71065305912268,13.664747875183542,37.72438615760942,1.3626740800013843,"21918 Gail Glens
Barbershire, SD 45790-8387",439.074766741645,MidnightBlue
raylopez@hotmail.com,32.19772379742183,11.83023109487895,36.63385670229112,4.193324635532072,"3600 Amber Plains Suite 002
North Jamesburgh, VA 07917",514.088957746572,DarkGoldenRod
middletonrenee@gmail.com,32.46121244511541,13.291143045352882,38.633625651583536,3.8710034001764155,"71757 David Freeway Apt. 851
West Carriefurt, NC 27106-3364",543.340166256701,DarkCyan
grichardson@ryan.info,33.790387206952126,11.942340869536073,38.06341358683894,4.08180269478151,"79139 Boone Common
Stewartstad, DE 63633-1812",521.1429518103512,SteelBlue
esmith@gmail.com,34.18382052058911,13.349912944366531,37.827394227862136,4.252006105620936,"USS Johnson
FPO AE 35617-5384",614.7153338263417,OldLace
michael53@munoz.com,32.288666909138946,12.020112091208748,39.074400211336965,3.9117086683706628,"USNS Mitchell
FPO AP 92946",507.39006178986654,MediumBlue
jacqueline46@mcdonald-smith.biz,33.82635200907213,12.084091730811034,35.89035795567322,3.021671821710012,"3794 Michael Forest Apt. 750
New Stephenberg, MD 61004-0181",495.2994425473086,Gray
briannasantana@gmail.com,32.49839307472945,13.410759184940549,35.9904889547585,3.184618661620886,"88978 Noble Crest
North Rosemouth, FM 53484-6689",518.0645579840107,LightPink
mark52@yahoo.com,31.88540629991176,11.281931074103642,37.385317552778375,2.877224878259828,"82227 Farmer Throughway Suite 266
Leeborough, WV 35324",390.1032729724755,BlanchedAlmond
acampbell@sanchez-velasquez.info,32.425697279750864,11.448901535513796,37.58019042917731,2.5869679851624765,"5791 Jessica Cove
Mckinneyborough, OK 64460-7536",420.7376732446371,Wheat
qgarcia@williams.com,33.43782956230187,12.595420346380532,36.26203180012439,2.9696402266327593,"465 Kenneth Common Apt. 192
North Tracy, WI 36024-8978",492.1050523891852,Aqua
jenniferking@hess.net,31.3895854806644,10.994223919350974,38.07445241970454,3.4288599039280125,"06939 Jones Neck
Mariaview, VT 87641",410.06961105998295,BlueViolet
taylor91@hotmail.com,33.46869994900622,13.085505760060858,35.84582711383271,2.926940235492512,"3132 Willie Harbor
Kaylafurt, FL 01107",497.5136833293677,CadetBlue
afry@ford.biz,32.291756100263015,12.190474287309026,36.15246208860067,3.7818230393432954,"399 Jeremy Skyway Suite 377
North Keithville, IL 55074",494.55186108657256,PaleTurquoise
amandadean@gmail.com,32.0637746203137,10.719149740628396,37.71250863884946,3.004742535925674,"66880 Mckinney Hills
Matthewchester, MH 88386",378.3309069068038,DimGray
brenda68@hotmail.com,33.15569970295208,12.931550271647987,38.16643555663392,3.854473855602962,"0377 Reed Via Apt. 169
Alexandershire, MO 43498",570.451725912857,Moccasin
bakerdrew@gmail.com,33.35687434475742,13.45212895943564,38.503008849241596,3.318822278930894,"39637 Griffin Plain Suite 691
New Deborahview, MP 73870-3773",549.0082269346927,Chartreuse
connorlambert@yahoo.com,31.85307480174657,12.149375491578276,37.32533422381935,3.3618146243831437,"931 Andrews Heights
South Shelley, NV 21850",459.285123462352,Khaki
tknapp@yahoo.com,32.01230076824544,12.178331333996287,37.71598617762173,3.722561172893833,"15810 Karl Plain
Davidville, TX 64072",492.94505306595823,MediumSpringGreen
garcialisa@yahoo.com,32.388451625505326,11.010482132400076,38.415041581538325,3.5435470501829984,"46079 Gonzalez Loaf
Williamside, PA 72265",424.7626355099111,LemonChiffon
josephallen@hotmail.com,32.65318145878372,11.60253219348616,37.3096887708795,2.789461516374708,"3144 Jamie Rest
Maxwellville, NC 93749-1190",422.42677587650905,PeachPuff
hailey18@yahoo.com,32.93133644189654,12.732211588456625,35.60082054911087,5.4859767341605234,"08079 Thompson Village
North Lukeborough, AL 16825",642.1015787311585,Lime
whess@hotmail.com,33.235606500693855,11.223368888365105,37.69230086128235,2.5941897205777797,"29282 Alexander Street
South Andrewmouth, MS 22041",413.3717831104521,Tomato
josesims@hunter.com,33.92579489547876,12.01102187657459,36.701052315547926,2.753424168758119,"8830 Debra Loaf Apt. 341
Drakeville, ME 22340",479.23109291159307,SlateBlue
dtaylor@webb.com,33.05926409135838,11.725910097840954,35.9990993016087,5.004820577490747,"18219 Jackson Well
Fosterton, MP 85302",593.0772413447512,Orange
briangonzales@gmail.com,32.401731827354666,12.089309572437347,38.309907895123196,3.873337568743252,"572 Michelle Motorway Apt. 889
New Craig, ND 17250",506.5473070543516,Fuchsia
jared99@yahoo.com,33.88994100692418,13.068638584182434,37.54052035512257,3.7987253190525396,"PSC 0811, Box 7054
APO AA 91691",571.3074948754644,GoldenRod
qchristian@martinez-allen.com,34.56938121869345,12.85499036656409,35.00748225744693,3.292797662575647,"26737 Brooks Roads
Vincentstad, VA 93089",576.311177371677,GreenYellow
ngarcia@donaldson.info,33.70160519868888,11.564022368065539,37.673210365648636,4.716104987209577,"662 Wells Stravenue Apt. 578
South Kristaview, DC 49423-2452",576.8025473995871,ForestGreen
scastillo@hotmail.com,33.26833021768797,11.113329897404322,37.387945542635585,4.018726609737513,"0922 Gutierrez Loaf
Wattsbury, OH 96315",514.239520718957,Moccasin
joshua56@garcia.com,31.358477192437007,12.809883473378118,36.5496679900966,3.6377012795158374,"38154 Davis Locks
Lake Stevenfort, KY 86814-9222",495.17595044947535,Indigo
richard81@day.org,33.01479221522831,11.76117232548311,37.57016384471318,3.834169666632599,"7955 Samantha Walk Suite 230
North Luis, IL 44629",514.3365582674007,SlateBlue
jessica97@hotmail.com,31.57613197132227,12.57989417361806,37.09326487011031,4.5319866066666314,"32202 Curtis Branch Apt. 411
Port Brettmouth, KY 01192-0594",541.2265839893283,Cyan
angelaphillips@gmail.com,32.657268594778124,11.957923064554107,36.63465232853774,4.106055151602658,"102 Karen Court
New Jameston, SC 57761-6570",516.8315566841785,MintCream
donald67@harrison.com,34.709323296131586,10.651793783474174,37.14600652898046,3.2182653850978555,"9759 Tammy Skyway Apt. 171
Lake Debra, AS 95011",468.4457372274064,Lime
zmalone@yahoo.com,34.5366591798774,12.75207661096469,36.71413783923341,3.2836634554040156,"PSC 6717, Box 7673
APO AE 66950-0088",548.2803201983364,Moccasin
rlindsey@norris.com,32.771715009701,11.540832436151055,37.526421027792445,2.924020724598205,"581 Smith Prairie Suite 995
Andersontown, AS 58802",431.6177337614297,Green
lewisgabrielle@hotmail.com,33.700400456822415,11.924394923280017,37.245032469967526,3.9052503089821307,"422 Rivers Springs Suite 221
North Barbara, WI 51990-7596",552.9403454501057,LightSkyBlue
kristina69@gmail.com,32.43977025334846,12.4241304114395,38.94882502753235,4.9203184061183185,"2859 Rodriguez Forks
Port Josephtown, OH 13591-3011",573.3062222574563,BlueViolet
krista86@norton.net,34.312166997407836,11.810586764578167,37.41413357473937,2.473596120847858,"0537 Rice Village
West Kylieberg, NJ 19433-5090",452.627254995083,Azure
chelsea05@hansen.com,32.45517628513712,12.759168978762087,36.599112354294384,4.131276648377655,"7182 Stephen Fork Suite 150
Port Laurachester, CO 99974-1961",542.7115581025776,LightGray
jill33@allen.com,33.540976791782235,11.851890834942719,37.424547922263905,1.7677307075942403,"459 Amy Burg
Lake Travis, OR 53314",407.8040306356823,DarkCyan
welchashlee@hotmail.com,33.358398281424215,12.70368792886871,36.10091445210865,2.72410820200549,"PSC 8159, Box 3254
APO AP 71071-4890",482.3535703213531,GreenYellow
dawnlewis@watkins.org,32.686129256115166,12.215252424902488,36.59436168489157,3.8971158599572524,"623 Erica Flat
Lake Josephland, MT 73514",529.2300901235094,Crimson
ashleychristopher@gmail.com,34.558294609144475,11.28144500356714,36.4944064828881,2.491671541288354,"9271 Christopher Prairie
Douglasshire, NM 18581",433.04876909582663,MediumOrchid
acontreras@hotmail.com,33.5477479443078,10.735362917985055,37.45837473122323,3.8634254422050347,"88995 Edwards Row Suite 456
North Jo, DE 02062-7953",476.1914133494556,Sienna
alvaradoadam@jones-thompson.com,31.954903856634843,10.963131776054833,37.327282689879496,3.5786339003939873,"35970 Holly Key
Port Frank, VT 78059-9385",439.997879939927,Aquamarine
thomasgeorge@gonzalez-grant.com,31.066218161637593,11.735094549013704,36.59937399114725,3.9588922643660966,"93306 Donald Greens
New Christopherbury, SC 59447",448.9332932076743,FloralWhite
solischristina@gmail.com,31.851253128608366,12.418961981005012,35.97765170714366,3.2517417703068876,"43102 Russo View Suite 717
Hollyport, SC 15344",472.99224666679834,SlateBlue
jacksonboone@rubio.com,32.609282635640405,10.537307537840885,35.73055240228659,3.914384667246393,"973 Marc Ports
Brownstad, IN 48786-6700",463.92351299032583,Sienna
kaitlyn78@chang.com,32.11511906601424,11.919242397939174,39.29404346247573,1.4435150746515455,"978 Bean Square
Deanburgh, OR 95149",350.0582001638451,LimeGreen
francisgeorge@thomas.org,33.924624809512075,11.911415556879854,38.27470219571763,2.9100379165410692,"27563 Vincent Lake
Allenchester, DC 22159",460.0612773912433,Teal
linda90@yoder.org,33.477190403003306,12.48806700205303,36.51838358912681,3.3455709758422434,"979 Alison Motorway Apt. 676
North Frank, HI 55870-2651",505.7711403229565,WhiteSmoke
david79@lopez-montes.com,32.116400120928155,12.380694979552985,37.23200330765404,3.0895277822700096,"969 William Manor
West Sherry, MA 66282-2258",463.484995404266,Purple
micheleblanchard@lopez-greene.com,32.25590120444978,10.480506832694495,37.33866962178549,4.514122441132637,"555 Hunt Track Suite 307
South Kristi, PA 73709",479.73193764530447,SlateGray
pmercado@rodriguez.com,32.69239221858063,12.296517680733736,36.95155521050133,1.8258846690261428,"811 Maria Run
Sanchezville, MI 04953",424.18549428888633,LightPink
james30@carter.biz,32.38473265900513,10.86160419912899,36.584437621758106,3.993656512525085,"3604 Richard Junctions Suite 448
Brownburgh, CO 64856-8238",465.8893127108669,LimeGreen
parkerkayla@miles.com,34.338729385091796,10.716355140061571,38.3072040068692,2.652158304851241,"170 Andrew Mews
North Susan, NM 85338-2426",426.7752159856604,DarkSlateBlue
alicia85@lee.com,32.88710464561531,12.387184173554845,37.431159098326106,6.401228837806773,"14220 Carla Flat Suite 521
Lake Matthew, DE 06183",684.1634310159513,DimGray
dominguezjacob@hotmail.com,32.51021799444433,10.984835888186163,37.396497475332055,5.391275125020632,"8594 Erica Manors Apt. 529
Lake Miguel, MH 10652-9266",555.8925953881737,CornflowerBlue
ebrown@osborne.com,31.945395748344524,12.965761479512217,36.96638889642577,6.076653638440144,"4291 Nichols Fork Apt. 562
Thomaschester, SC 08938-8769",657.019923937652,DarkSlateGray
nathan86@hotmail.com,36.13966248879052,12.050267234380506,36.95964319393419,3.8648607392342784,"748 Michael Plaza
West Billyside, UT 20799",595.8038188761142,MidnightBlue
aaron11@luna.com,32.44952156114242,13.45772494051235,37.23880567308968,2.941410754428091,"672 Jesus Roads Apt. 443
Thompsonland, WY 69228",503.9783790525795,LightSkyBlue
fsnow@ellis.com,32.29464154956504,12.44304789043987,37.327848037843715,5.084861308602489,"0272 Jones Way
Lake Angela, MP 97003-5793",586.1558701804728,MediumBlue
asilva@yahoo.com,34.60331111938746,12.207298491050794,33.91384724758464,6.922689335035807,"USNV Johnson
FPO AP 19026",744.2218671047146,Wheat
casey21@johnson.com,33.5985203185533,11.586319529181234,39.09462702670515,3.6043985602569495,"691 Johnson Field Apt. 510
Michaelville, VI 78140",512.8253581285203,SpringGreen
campbellross@yahoo.com,34.56868084571511,11.378087087773375,38.304471191707776,3.7849321101304056,"6218 Michael Station Apt. 982
Salazarburgh, NJ 79955",528.2238093680072,DarkRed
blevinseric@stephens.com,32.83810016055479,12.364341604455198,38.03910938707497,3.3091823280429793,"PSC 3676, Box 1549
APO AE 26130-7683",468.9135013219844,Orange
stevenking@patterson.com,33.50370517913956,12.399436075147092,35.01280603355904,0.9686221157417689,"94730 Martin Mount
New Matthew, VI 08142-6708",357.59143941508603,LightGray
samuel94@hotmail.com,33.30188161463884,12.542481050786341,38.31136489758187,3.768561962709896,"5480 Vazquez Crossing Suite 825
East Christopherland, PA 42104",536.4231045259343,DarkViolet
johnsonpaul@keller-woodard.org,30.879484344127498,13.280432242922112,36.93615937845674,3.585160635161344,"USCGC Dodson
FPO AA 87781-3935",490.2065999848546,LimeGreen
twilliams@gibbs.net,33.15425475700075,11.795886676889108,37.65861690944284,4.520353377496559,"Unit 6678 Box 6628
DPO AP 44369",550.0475805761635,CadetBlue
teresapacheco@salinas.biz,32.04780097886789,12.718039174525655,37.66110668399285,3.6758488000184415,"75805 Larry Mills
East Cristian, MH 53820",513.4505711860965,DarkMagenta
allison80@carson-hansen.com,33.63080076787103,12.039647840787236,38.9240870506292,2.873007508505152,"04311 Oconnor Park Apt. 415
Kelleystad, ND 63064-8935",497.81193000552054,ForestGreen
turnerryan@hotmail.com,34.04663802802127,12.474455453922836,35.037856159447585,4.055775961742958,"770 Lewis Pike Apt. 869
Phelpsport, PA 93969-4887",578.9862585804898,LightSkyBlue
walkererica@scott.com,33.644177000440536,13.160020040286033,36.4077474507818,3.0151752987437077,"86536 Barnes Track
South Kyle, MT 21570-5606",506.5363931400864,MediumAquaMarine
mark94@yahoo.com,32.65462160732388,11.052323653306688,37.633009416643624,4.717102512825834,"586 Timothy Union Suite 592
East Joseph, MO 81374",501.74923330839226,Salmon
daniellecuevas@hotmail.com,33.42874704259606,10.636761083696548,37.57883524203316,2.9263964487266874,"9287 Daniel Rest Apt. 608
Allentown, SD 73050",421.96679418586734,LavenderBlush
gbarnes@gmail.com,31.86483254809873,13.44340598514625,36.87831536782346,2.361086946869883,"8667 Suzanne Motorway Suite 241
Spencechester, KY 74385-4618",439.8912804768136,Green
cody68@hotmail.com,34.48238804881123,13.28303286832567,35.90729842685246,4.968742673728142,"374 Dana Junctions
Langside, WI 36474",666.125591725772,SpringGreen
fischermonica@gmail.com,32.529768731474434,11.747731701242175,36.93988205032054,0.8015157200042076,"9847 Michael Plaza Suite 837
Lake Christophershire, NV 87324-8427",298.76200786180766,Navy
brenda25@gmail.com,33.432231396262715,10.859608533152711,38.83567008085342,3.6692256113154436,"353 Jones Loaf Apt. 767
South Michaelburgh, PR 16281-4840",465.1766233052969,OliveDrab
david58@yahoo.com,33.30857161628053,11.691686125826353,37.480911976267066,1.7157771665531147,"6058 Thomas Divide
Matthewland, PA 89442-8198",373.8857236969501,LightSalmon
clifford76@johnson.com,32.33263706834172,11.548761439776756,38.57651554990162,4.773503047345896,"8032 Hodge Circle Apt. 255
Lake Jessicashire, OR 54914",532.7174856761748,RosyBrown
jacquelinehughes@bennett-branch.info,34.71345123397026,11.72400223179126,36.81385766052378,4.0878372729217025,"601 Ashley Loop Suite 162
Port Benjaminview, DE 02456",554.9007830202702,DeepPink
victoria53@hotmail.com,32.635877998189926,12.178573080885846,35.6742560274292,4.131755039569861,"16329 Sara Neck Apt. 463
Bryanside, TX 62329",537.7731625414566,Pink
cunninghamkyle@ellis-parker.org,33.07570303157222,12.319845062066673,37.81915511227683,3.4427992020016864,"449 Williamson Lakes Apt. 118
Travisville, AK 06848-0177",501.100245232053,LightGreen
jjones@yahoo.com,32.23014911593311,11.084360836740512,37.9596843202141,4.724027439824315,"047 Carla Locks
Coreymouth, AR 98066",517.1651355939779,GreenYellow
michaelferguson@torres-miles.net,34.142863372870714,13.177774533773801,38.856041708111945,3.2309738432875563,"757 Amber Gateway Apt. 787
New Stephaniechester, OR 61576-6056",557.5292736134538,Sienna
crawforderik@price.org,32.4971984614607,12.832802836968115,37.67924462448078,2.972271382079821,"5183 Michael Ramp
East Lukeburgh, FL 93972",493.719192978176,DarkKhaki
jlawson@mccarthy.com,33.12239998431699,11.509047996817198,37.25305774145061,3.182329731786818,"0127 Morgan Fields Apt. 080
Thompsonfurt, ME 01160-7043",452.12262508578493,LightGray
marshchristopher@zimmerman-villegas.com,33.088529366211525,11.85766344472502,36.0869343253416,4.806349618785283,"667 Stephanie Lake Apt. 658
Marthashire, NC 11815-2307",577.2734549822936,DarkRed
oolson@collins.com,32.53379686092211,12.293365838346629,37.06462119956545,3.6203649883552003,"07867 Horn Lake
West Teresatown, VT 64387-1228",485.92313052485173,Aqua
isaiahcampbell@yahoo.com,32.48426048276214,10.93325227854703,36.54550622682937,3.2613247447870934,"55414 Ramirez Union Apt. 614
West Crystal, CA 03845-2631",425.7450920310528,Red
kcannon@alvarez-cline.info,32.5434591695977,13.332839284456396,37.964390331775896,3.597459968849926,"55479 Peters Field Apt. 702
North Micheleberg, PR 45063",537.2150526997326,Lavender
nielsencarmen@harrell.net,32.28312306113335,10.902556227019769,36.094241952849465,4.789201624179895,"2491 Yates Crest Suite 316
Connieville, FL 92080-0819",524.6379646141049,DeepPink
efreeman@moore.com,32.200798643965314,12.276981712741968,38.23260622710401,3.3164647447029107,"223 Powell Ridges
East Richardtown, RI 90715-2178",478.8853913201482,White
roblessarah@hotmail.com,34.71331650656199,12.038808239866547,37.63529940965426,4.632460945972205,"022 Taylor Mews Suite 692
Hallberg, NJ 53614",612.3852298963607,MediumSeaGreen
christopherhaas@gmail.com,32.71251232693568,11.724473856834608,37.15315160406014,3.308443000674604,"56674 Melanie Flats
Schneiderberg, IN 66532",476.7667241547634,MediumPurple
ethomas@yahoo.com,33.69489765096749,11.202669899735568,35.49396408005127,4.015986640445781,"1279 Douglas Mountains
Port Christopherberg, RI 32811-8325",505.1196375282037,LightGreen
wevans@gmail.com,31.57020082932026,13.378063328893631,36.33780003116479,4.369366793790984,"222 Jason Park
Dominguezshire, NC 98241",545.9454921414049,Tan
patrickorr@yahoo.com,33.45947684896434,11.388612618641039,37.90913871755985,2.56663984381683,"6009 Heather Park
Howardhaven, SD 51705-2993",434.0216997527185,LawnGreen
mary84@edwards.com,31.820998201672072,10.771074062599588,37.278639793707605,3.5190324339539223,"19123 Craig Isle Apt. 719
Millsmouth, SC 94194",424.6752810132133,LightSkyBlue
longwilliam@gmail.com,32.73322416398153,11.818571762285,37.1020313268591,1.5038544212252947,"16068 Kelly Parks
Wrightside, NH 21447",352.5501081630003,BurlyWood
lisagutierrez@johnson-herring.net,32.40714829999668,13.808798675105962,37.42676891745393,5.039955263662929,"89300 Amber Centers Apt. 879
Victoriaton, VT 98394",662.9610878058954,Peru
david81@hotmail.com,33.506092281309364,11.659832840871445,37.28139282998597,4.4787126084630104,"1576 Lane Shoal
Rogerton, PR 63867-3426",560.5601606242603,Thistle
jacksonking@mccormick.com,30.836432674773427,13.100109538542808,35.90772142967966,3.3616129845381932,"120 Micheal Fort Apt. 762
East Patrickbury, WY 65946",467.5019004269896,DarkMagenta
jessica04@christian-riley.com,34.87849495417028,13.067895684999526,36.67822227440393,1.9207154781756468,"338 Graham Loaf Suite 236
East Toddton, FM 43566-4238",504.8704323933724,LemonChiffon
simmonsmartin@hardy.com,34.007211972221654,12.49432293326939,36.045459420486154,4.330714461860564,"2302 Joshua Park
Millerbury, WA 30239-8144",590.56271964715,MediumVioletRed
michellejohnson@sanders-rodriguez.com,31.525752416968214,11.340035931978809,37.03951365322458,3.8112481708072314,"70562 Gonzalez Stravenue
Elizabethland, WI 40700-9149",443.9656268098819,Teal
tylerhernandez@barton.info,31.047222139487516,11.199660962300452,38.68870909942437,3.0887639575315755,"7613 Miguel Knoll Suite 762
West Katherine, WV 19406",392.4973991890214,SlateGray
connerjoseph@gmail.com,34.59577669439264,11.332487778094174,35.45986279714474,4.541695256706066,"981 David Square
New Jacquelinetown, AK 66018-4092",568.7175759305223,Turquoise
jeffrey54@mcdonald-williams.com,34.96760988717724,13.919494396088172,37.952013186883086,5.066696864020983,"297 Francis Valley
South Lindsey, NY 13669-5367",712.3963268096636,Gainsboro
hevans@kelly-nunez.org,32.29524762622046,11.03135834040919,38.252978273334655,3.1074686827074625,"Unit 4065 Box 2267
DPO AE 69180-7372",413.29599918102974,Orchid
lewiskendra@yahoo.com,33.324240521849696,11.084584086421872,36.77601657686874,4.7469897029351404,"988 Matthew Plaza
Lake Jacobshire, AL 37889",562.0820453929382,Yellow
freemantina@cannon.org,32.903454333014224,10.54264542398311,35.53386350026307,3.0918268695457876,"870 Dennis Throughway
Wilsonport, PW 12658",412.012931298847,AntiqueWhite
wagnerbrian@hotmail.com,32.55949313011333,11.797795514880239,37.777365796776465,3.1956257763719886,"50593 Wells Roads Apt. 110
South Amy, MI 06969-2026",468.6684655991273,AliceBlue
melissa08@nelson.com,31.765618821042406,12.442616548294634,38.13171202563648,3.8502796390964265,"15863 Harrington Glens Suite 012
Marystad, LA 50652-8210",496.55408163560713,Tomato
karina59@gmail.com,34.08164619679617,12.104542428062686,36.05964597986499,3.974522480483529,"9580 Clark Trail Suite 687
Williamsside, FM 57367",548.5185292758069,PapayaWhip
baldwinbryan@estrada-silva.biz,33.304431285296005,12.378490222808672,38.76429717446252,3.8438489214952876,"1470 Kathleen Pass
South Christopherberg, SD 22850",536.1308968550214,MediumSeaGreen
audreyguerrero@carey.com,34.33075044367848,13.722453676229962,35.773116391246816,2.909008460485079,"1995 Susan Locks Suite 760
East Cheryl, AR 37103-5176",558.4272571753238,BlueViolet
drew29@hotmail.com,32.07894757956938,12.725909323593955,36.54466409871873,1.1390935384245742,"20888 Erin Via
Grahamville, NH 72913-6101",357.8637186383917,Tomato
michael00@yahoo.com,33.60579899891236,13.68511889962359,34.89198326749108,2.6852848361090778,"03065 Henry Courts Suite 443
Derekstad, VT 88473",529.0566631985306,DarkSlateGray
jgray@khan-allen.com,32.74515048083576,10.012583366223023,38.35495987026449,3.108911449181274,"1416 Rachel Crescent
West Laurieside, IL 81119-7229",387.35707273642186,Gold
bushsusan@hotmail.com,32.12236479579778,11.435533874300315,36.22355746230224,4.852842407156433,"20618 David Square
Gayland, HI 78719-9628",528.9336185650203,Moccasin
charris@gmail.com,32.53082944110282,12.354607081759857,37.12234520816764,2.30755242118396,"2781 Matthew Wells Apt. 569
Potterview, KS 50763-8282",420.91615953269286,MediumSeaGreen
longphillip@yahoo.com,31.736635686050285,10.748533655415798,35.73870747121452,4.83552866742221,"13044 Woods Heights
Andreamouth, ND 52317-6007",496.93344625553186,LightGreen
madisonalexander@gmail.com,34.11756669418932,11.591871665122241,37.743619699549896,3.6785893989539975,"791 Allen Trafficway Suite 776
Christopherland, DC 41460",519.372976801355,Orange
mfoster@brown-white.com,33.63662445812838,11.236506758754029,37.67502073290805,5.254708925941115,"36192 Ho Spring
New Michael, RI 65851-6369",591.4377355684503,Cyan
sanchezkara@hotmail.com,34.33486453305801,11.109456333168433,38.585854757332655,3.8928914802112553,"40494 Robert Park
Heatherside, IL 70364",502.40978530290533,SlateBlue
floresbradley@hotmail.com,34.814983943728855,12.114944955194904,36.28872395038688,4.389455226416517,"446 Daniel Rest Suite 644
Port Matthewhaven, MN 89465",604.3348400688554,BlanchedAlmond
lamryan@curtis-garcia.net,34.642669758092204,11.866481205181705,37.71777057005867,4.003325039023281,"96393 Joshua Rapids
Jonesview, VA 58733",555.068394054576,LavenderBlush
alexandra26@summers-davis.com,32.83694076702139,10.25654903128796,36.14390845634163,0.7895199078816915,"Unit 7032 Box 7016
DPO AE 44749-2992",256.67058229005585,Navy
ocortez@gmail.com,32.29964716350497,12.168596472860555,37.073616172195656,4.403369830866465,"4800 Ashley Spur Apt. 347
Dannyfort, GA 23352",547.1109823629461,MediumBlue
melinda39@morton.info,31.948017421161357,13.085356892368793,37.60565280041329,2.6485967702033175,"13693 Cox Falls Apt. 693
Padillaview, PW 28998-0386",461.92087689289787,Moccasin
lisa94@jackson.com,32.72731919612472,13.013375627349653,36.65127791701514,2.367848224385222,"40288 Stephens Corner Apt. 221
West Stephanie, OK 55617-4332",458.3769106506301,CadetBlue
lucastaylor@yahoo.com,33.94624061993669,10.9839767277944,37.9514894585739,3.0507129732180167,"63872 Chavez Lodge
Danielton, NJ 85847",436.2834981467513,MediumTurquoise
apark@walsh-obrien.net,32.35147815076609,13.105158522307251,35.57484166706179,3.6414971615400877,"28942 Bradford Crescent
New Morganfurt, MD 77162-0478",532.9352188376637,DarkGreen
dominguezmaria@gmail.com,34.173752023676585,12.144748536704865,37.25803145871123,3.397363092819078,"1768 Rosales Ford Apt. 793
Lake Markbury, SC 31567",512.5525343564015,RoyalBlue
jimmy11@hardin.com,32.97518182625784,13.90991551102909,37.79223754313027,4.297686524285517,"496 Bush Turnpike Apt. 674
Donnabury, OR 32596-0079",630.4227632299235,DarkGoldenRod
patriciajackson@jenkins.info,32.00475302036483,11.395209434440888,37.33281445580523,3.803364999065175,"981 Matthew Valley Apt. 621
Lake Tracyburgh, NM 33288-1364",463.74598112062944,Thistle
rayvanessa@fischer.com,34.19705969450868,13.033566182687187,37.07679515601331,2.6334199887174443,"2583 Mark Springs
Lake Robert, AL 40928",493.18021624931,White
gharrison@davis.com,33.177204666060376,11.622777173031125,35.96889569049678,3.634093727357596,"04140 Cameron Brooks Apt. 724
South Laurenberg, HI 08562",501.2091726816533,MediumSpringGreen
alexandermichael@hotmail.com,32.69323953887129,12.600750401563927,37.37011822360151,3.4670140660097095,"2086 Lisa View
Ortegabury, MI 43544",501.92826487324413,WhiteSmoke
christopher66@hotmail.com,31.625360134830608,13.187910985159364,37.06708996741924,1.4943108951995074,"388 Kelly Pike
West Jeffery, DE 44039-7785",376.3369007569242,BurlyWood
archeremily@baldwin.com,31.260646869879523,13.266760352944495,36.97119509745716,2.267251114447051,"USCGC Hernandez
FPO AE 53064",421.32663125695143,YellowGreen
hornesteven@gmail.com,31.720769900287312,11.752343171850052,38.57360522634684,5.023934200606659,"91425 Roy Trail
Rivaston, NE 34949-2588",538.774933478023,White
william28@gmail.com,32.922610758349414,11.568116342098419,36.90937820695247,2.471750669720034,"16763 Melissa Creek Suite 367
North Keithland, PW 29458",398.16346853365195,Cyan
karenosborne@yahoo.com,32.68624509039022,12.63857212219212,36.097220934711,4.297737481971207,"81814 Pratt Squares Suite 460
North Robert, GU 77741-1307",571.4710341154246,SlateBlue
chansen@holt.com,34.05094675856064,11.388644575171451,39.08156474568163,2.4369588757864635,"2380 Fisher Neck Suite 233
Brianland, AZ 34453-0625",451.6286105401996,LightSkyBlue
hallthomas@lane.com,32.454552537551066,11.82298329832392,36.94612578169275,3.6569839266881443,"22630 Bell Centers Suite 030
North Danielport, FM 31756",490.6004425003995,DarkTurquoise
taylorkimberly@yahoo.com,31.28344747605816,12.725677367222989,35.96566746423624,5.000243360514445,"0030 Mathis Square Suite 154
South Jadehaven, AR 33997-4450",591.7810894256675,Gainsboro
clester@yahoo.com,32.980029198453636,11.201159766003189,37.68933697894965,2.412830960970926,"76778 Underwood Knoll
New Gregory, ID 57323",409.0704720533178,LightCyan
pvega@hotmail.com,31.909626827522736,11.34726361146273,36.323652468198226,5.314354141170213,"61629 Johnson Underpass
New Eric, MI 92352-5044",563.4460356732392,LightCoral
vmartin@yahoo.com,34.40240964824356,14.220979108167345,37.52319665049046,4.0777750980104255,"30242 Rubio Forest
Port Kyleland, VA 18339-5779",647.6194557251926,Turquoise
andreperez@hotmail.com,32.95976431107423,11.546275759510358,36.947953692845566,3.2750706813095327,"17463 George Ports
East Julianborough, WY 68291",448.34042501104767,DarkOliveGreen
anntaylor@hotmail.com,33.780156763295054,11.91763618310149,36.84473381504451,3.6349960063068965,"PSC 1634, Box 8167
APO AA 49814",518.7864830920807,Teal
hickmanelizabeth@yahoo.com,32.6729435250038,12.276056984463208,37.19279353222784,3.9824715131070567,"12641 Greer Track Apt. 183
North Mitchell, IA 77991-6276",523.6339351357243,DeepPink
halljohn@yahoo.com,32.72852076313786,10.131712461927215,34.84561239331277,3.287701824074408,"311 Savannah Ramp Suite 245
Carlsonbury, LA 08453-6035",393.8573709860865,MediumTurquoise
cohensean@yahoo.com,33.40992258786484,12.026942222615626,36.13389429009422,2.3133498845806395,"3751 Green Loaf
New Julia, VT 20897",426.154547713103,DarkCyan
jmartinez@anderson.org,31.72420252384518,13.172287495263063,36.19975347391624,3.557813698186695,"14889 Page Prairie
Dennisville, NV 27982-4210",503.38788728796044,PeachPuff
cbrady@gonzalez-miller.com,32.711119299295326,12.326291385476884,36.67387835766538,3.3502792875449092,"193 Ashley Plaza Suite 706
Hernandezport, WV 71270-7338",482.6024673294826,Aqua
pkline@hotmail.com,33.1366552476793,13.891313421778493,39.22071295098572,2.9070949348220267,"PSC 6338, Box 7637
APO AA 22066",524.7976275698039,MediumTurquoise
martha91@garrison.net,34.37939438496412,12.930928541308226,36.36024719793431,3.7927119551515887,"360 Albert Spring
South Tylerbury, VA 92641-9077",574.6548433659395,HotPink
maureenlopez@gmail.com,35.530904145898624,11.379257182400217,36.63610411908917,4.029453828152192,"82537 Alice Centers
Gregland, OR 71749",574.7472196620896,SeaShell
russellbaldwin@ferrell.info,33.24726795047748,14.069382336483997,38.993322451155734,4.978475793470261,"295 Michael Keys Apt. 706
Ericfurt, KS 09476",660.4251842914138,Orange
amandastanley@yahoo.com,32.096108993845185,10.804890557641668,37.37276214632111,2.6995620549722683,"38528 Jerry Valleys Suite 027
Jonesstad, NY 74787-2691",375.39845541024306,CadetBlue
george02@hotmail.com,35.039283064909725,14.426491050422623,37.37418350489759,3.9306153266132897,"3286 Lynch Field
Henrychester, RI 41833-7902",640.1877400085721,LightCoral
swilliams@ball-arroyo.com,32.55052657442161,13.041244588162265,36.655208083959465,3.4562338235263015,"450 Samantha Valleys
Collinsborough, KS 37205-9891",514.0098178487356,Orchid
taylorjared@foster.net,32.58249357081853,11.739743796165987,36.85481082475086,2.1820169698233887,"601 Mitchell Estates Suite 922
Port Daniel, WV 83595",376.49684071853704,Crimson
keith13@yahoo.com,33.29698192462649,12.49105873801881,38.238940853091385,2.7095266269292764,"81830 Katie Squares
Port Austinland, FL 73522-0761",484.5198091105511,LightGoldenRodYellow
schmidtdenise@hotmail.com,33.108336148346,12.892374513653694,36.52738830431376,4.5941168646031905,"06392 Matthew Viaduct Suite 000
Lake Ronald, NY 45787-0181",614.7296376283244,DarkGoldenRod
jasmin20@salas.com,33.902717794463925,11.668866514553862,37.34126616101072,4.25698328967803,"634 Nancy Shoals Suite 241
South Barry, AR 52307",567.4750105270774,HotPink
christophermorrison@mcguire-carter.biz,34.55528258670921,11.777772039564965,37.97982686004657,3.7842730870783043,"90089 Eric Well
Nicoleside, MT 95918",554.003093429799,Blue
deborah51@yahoo.com,33.73264839262621,12.138793877121689,36.853882459920776,1.6234196094562199,"4190 Shelton Harbors
North Christopher, RI 60962",399.98387159812256,Violet
melindahartman@gmail.com,31.600512200303292,12.222967446546058,36.8227532265912,3.4145062403052493,"3761 Jared Mountain
Nicholasport, WY 51181",479.17285149109694,Pink
sharper@yahoo.com,34.318927438542204,13.402331896928283,37.29204470528371,3.6060868889081727,"239 Bush Fall Apt. 906
Riveraville, KY 88906-3319",585.9318442972224,SandyBrown
jessicabrewer@simmons.net,34.00648891839723,12.956276605432244,38.655094538522064,3.275733705185027,"5052 Mccoy Passage Apt. 328
Teresaport, FM 97139",540.9957391083377,LightBlue
beckycarson@jones-brown.biz,33.54047906012372,12.884124621344766,36.22604169397467,5.0072719865899025,"78787 Mitchell Lights
Matthewville, AZ 30310-0130",628.0478039330167,Gold
jennifer24@hotmail.com,34.43642583784763,13.325469096138633,36.76860309148005,3.3712581132239197,"46954 Melissa Corner
North Amanda, LA 34844",582.4919237338106,SteelBlue
jeremy00@yahoo.com,33.55169913754013,12.15858523387948,36.57513377612486,5.453969474611709,"45442 Barber Key Apt. 882
South Jaclyn, NM 24367-3001",640.7861663983061,FloralWhite
wellsjuan@schroeder.com,31.818616566769066,11.226545663510619,35.669935165958194,3.7558693892629655,"0338 Francis Junction
Lake Alexstad, NH 14302",446.41867337013565,Green
gregorystewart@hotmail.com,32.36312129411639,12.461135435006733,37.74560774187829,4.664258497238649,"232 John Haven Suite 456
Johnsonhaven, VT 90106-0173",570.6300980875259,PaleGoldenRod
tammyjones@griffin.com,33.191570884444964,9.846124908736233,36.876313233417314,3.8066709485629935,"0859 Audrey Isle
South Zachary, AS 09138",423.3083340974698,Navy
djohnson@hotmail.com,32.19249882778649,13.32541218598226,36.897294609068695,5.0499274746524065,"5358 Stephen Parkway Suite 894
Kimview, MN 17436-4528",616.6602860166826,Coral
kenneth27@smith.com,32.60790271932764,13.677245841523792,37.74469969514907,2.871947536151015,"721 Robert Viaduct Apt. 052
Lake Olivia, MO 93807",530.3624688854229,DarkGreen
johnathan33@yahoo.com,32.26200310699493,11.644969546399302,37.02687697079434,3.2367328142505314,"836 Amy Villages
Hannahside, RI 09207-2616",442.3631173838644,LightSteelBlue
carrillojacob@perry-larsen.com,32.27184828087499,13.485008988077055,37.55088041321525,3.0863372723173246,"909 Hicks Mountains
Gabriellaport, MD 33121",511.9798599920658,Aquamarine
greenelizabeth@edwards.com,33.79512493081247,11.620996507575207,38.4194685327455,4.559699083258959,"54051 Jenkins View
East Danielshire, IN 32905-7784",560.4437921717631,DarkViolet
denisemorrow@johnson-james.net,31.654809675692764,13.014459152355208,37.78903634703419,3.0102097779609496,"24458 Hudson Square
Hallside, PA 68038",475.26342372754846,MediumSpringGreen
wandaphillips@leonard.com,33.07773079450243,11.466984219092826,35.675727630820134,1.80922959177631,"149 Monica Vista Apt. 908
Jasonberg, TX 19632-8886",374.2696745439231,OliveDrab
zachary94@gmail.com,31.312349599444346,11.684904192367503,38.71707629773135,3.594295099901167,"99902 Scott Road
Joyton, MT 46760-7400",463.59141802794056,Purple
ppowell@gmail.com,32.87273861448019,12.093966355379461,36.62077385548951,3.049195743789432,"74260 Carly Mews Suite 703
Jonesberg, OR 39594",471.60288439289195,BlueViolet
bhill@pierce-kane.info,33.708153408093004,14.325654943309248,35.7218273299056,3.6343402240734415,"3324 Branch Squares Suite 221
Riddleton, OK 34594",626.018672655394,RoyalBlue
matthewgraves@mills-shaffer.com,33.908565031728365,12.914846634589116,39.06886445133981,1.4823596439649784,"66636 Jason Parkway
Kellyside, NV 67033",432.47206125141577,DarkSeaGreen
nwagner@yahoo.com,32.312909745943095,9.8244017703894,35.74277912557426,2.921350140816143,"Unit 2079 Box 7792
DPO AP 47668",356.6155678900057,AntiqueWhite
jamesfaulkner@hoffman-wolfe.org,34.394326648449855,12.807751833234732,38.55103028983871,1.8100798764120298,"Unit 0474 Box 0661
DPO AP 48938-3469",467.4278485003528,Blue
phillipscarrie@gmail.com,32.42330472721988,13.058277927143259,37.26387556144864,3.373104673991114,"625 Andrew Locks
Madisonside, AZ 74068",503.2173931191067,FloralWhite
samantha84@cortez.com,33.539396346976595,10.534553499461076,37.03479128933126,2.2147975193939367,"960 Miller Union
East Virginiastad, MS 74191-2346",378.4735664479011,Navy
edward29@knapp.com,33.37401692609311,11.143433077943628,35.94639914639545,5.4544632775645265,"4029 Gerald Cape
South Laurenborough, SC 19130-5133",584.2183134866808,DarkOrange
hannahgilbert@gmail.com,33.79475594486519,10.982805534662877,34.81063145023747,3.201801722174991,"6961 Mary Stravenue Suite 857
Hilltown, TX 52813-7703",451.7278633175868,Aqua
lschroeder@gmail.com,33.7709000976483,11.153966054877388,37.24032955207884,4.7294845415725035,"93101 Shannon Common
South Destiny, ND 30379-2855",557.6341089957288,Ivory
thomaswendy@yahoo.com,31.309192640891823,11.947175323941773,36.19083323650043,3.205529764506833,"449 Amanda Tunnel
Joshuahaven, CO 15377",432.7207178399336,LavenderBlush
fuenteskathryn@schmidt-johnson.org,33.612563354981084,11.470565004665819,37.0616887661275,3.802511438790271,"839 Heather Cliff
South Blake, SC 90412",506.4238599698002,Cyan
melissa08@rowe.net,33.39826012958678,11.03785041365591,38.61733445368848,4.116340467131812,"13799 Cortez Inlet Suite 733
East Stevenshire, AL 32757",510.1598172791045,Tan
bradleysmith@barber.com,33.622591840455804,11.167356897497287,35.62658733096311,5.462500764129899,"581 Gilmore Port
Heatherville, MS 20879",587.5747994806404,PaleVioletRed
morganorozco@hotmail.com,30.492536696540196,11.562936246652605,35.97656497174036,1.4816166268553612,"0001 Mack Mill
North Jennifer, NE 42021-5936",282.4712457199145,LightPink
johnsonhannah@gmail.com,31.904857131013614,12.22772827968665,36.98591347608606,3.771420131891554,"634 Robert Hill Apt. 800
Coxtown, OK 32430",473.94985742281614,Thistle
javier02@landry.net,33.0264203526517,13.18681287300118,38.06692960186935,2.8982995778886362,"Unit 7029 Box 3429
DPO AE 56975",489.90805309753534,CadetBlue
lmalone@gmail.com,32.975192902963855,13.394451788942055,37.80697766984659,3.5690465158585187,"USS Beasley
FPO AP 50556-7615",541.9722037582585,AntiqueWhite
brandon77@richardson.com,30.81620064887634,11.851398743073139,36.92504303887863,1.0845853030221226,"109 Jessica Manor
North Patriciashire, PR 84726",266.086340948469,GhostWhite
bhamilton@shaw.biz,33.91401511732236,12.266503838947585,36.57503097579012,3.0234744460455456,"036 Mary Drive Apt. 581
Port Brandytown, FL 66143",494.6871558102853,DarkOrchid
randyrobinson@hotmail.com,33.30267220801569,13.459222289832477,36.33952101023726,5.56638489205681,"14548 Hayes Isle Apt. 436
Garciaville, IN 65366",689.7876041747194,DarkGray
ecruz@yahoo.com,31.912075929200608,11.792971821961505,36.257819118501914,2.3951681299791368,"08111 Barry Highway
Bentonberg, GU 13706",387.5347163057077,Gainsboro
wrightdanielle@gmail.com,32.40855895733437,10.98574015235435,37.36839124072731,3.5048334855203,"508 May Highway
Port Jacobview, MN 31932",441.89663151788625,DarkSalmon
deandanny@yahoo.com,32.64461690576892,12.637557159364277,36.517085763648595,5.226687712532107,"9781 Lopez Spurs Apt. 300
Fitzgeraldborough, MA 89035-4317",604.8413188212227,Ivory
dblair@gmail.com,34.10227850874102,8.508152176032603,35.46240008104617,1.8382107022501144,"190 Kelley Burg
West Juliaport, IA 35826-8163",302.189547809652,MediumSlateBlue
veronicapruitt@hotmail.com,33.24850620315415,11.656592033851751,36.54860515461888,3.3634113937857375,"Unit 7502 Box 8345
DPO AE 53747",479.61481167314264,Cyan
davischristina@hotmail.com,34.72908016563062,11.966898076780602,36.54759627699103,2.957448756503683,"49352 Avila Terrace Suite 624
Amandaland, GA 99736",506.132342437705,SeaGreen
douglasdunlap@boone-rose.com,30.3931845423455,11.80298577760313,36.315763151803424,2.0838141920346707,"093 Larson Ports
West Kathryn, OK 91243",319.9288698031936,Purple
david28@wallace-hill.org,33.3841105711181,12.677401437121034,35.622530591605994,3.680847338174777,"43382 Heather Meadows
New Lisaburgh, WI 19151-0302",528.3092250312227,LightBlue
williammoore@rose.com,32.878474365657695,13.032534975943191,37.87095205416159,4.693732057983859,"686 Baker Fords Suite 893
East John, IL 50171-9547",610.1280331303979,Brown
angela25@walker.com,34.501417852783966,12.44761745405695,37.53453024067718,4.008352234634593,"456 Eric Views
North Amanda, MS 98876-3102",584.1058850493533,Chocolate
arice@reynolds.info,33.56647438959015,12.235659245108506,37.27757337619507,2.532044061507893,"740 Marshall Squares
Davidbury, AL 94251-0846",466.42119882174364,Thistle
adam75@gmail.com,32.8487928288471,10.973162084317348,36.60950715426321,2.8709869096996963,"9991 Macdonald Squares
Vasquezborough, WY 73586-4597",404.8245288726869,Purple
charlesgutierrez@hotmail.com,33.531860130613246,13.665769794267849,36.90022076162611,3.515688256202335,"363 Kathleen Underpass
Ashleyside, PR 98964",564.7909690079206,MistyRose
codyandrews@hotmail.com,33.41906734548329,13.391120179234008,37.194191046463956,4.06991661858986,"63010 Reyes Creek Apt. 569
West Catherinetown, MN 67491-6816",596.516697973153,Indigo
wheelernancy@hernandez.com,32.495418773654315,12.96832561098067,38.296110372778266,1.2004838567566694,"66340 Michael Lane Suite 878
West Brian, LA 69137-1147",368.65478494706446,Gold
drew27@ryan-thompson.com,33.67402747501462,12.968893130527093,37.333107418297075,3.22945090446699,"4475 Lopez Stravenue Apt. 690
Smithchester, NV 84347",542.4124767293989,PeachPuff
suzanne63@gmail.com,33.26463207316392,10.732131340303663,36.14579171248221,4.086566338485993,"229 Eric Mountains
New Caleb, PA 00396",478.26212639683575,LightSalmon
mitchellscott@gmail.com,32.76245596030955,10.952353380458653,37.64629178743077,4.019470351595002,"3976 Tom Streets Suite 438
Port Davidtown, AL 55334-2369",473.360495571661,DarkOrange
laurajimenez@gmail.com,33.47947160188164,12.60888879370027,37.22939451627662,4.205903889533483,"06103 Erik Fields Suite 781
Jonesmouth, GA 49931-3078",559.1990479544186,SlateBlue
rogersheather@hamilton-jensen.org,33.785207205733194,13.039511025284968,36.31272657154038,2.0181946292873114,"510 Michele Port
East Angela, HI 23618",447.18764430541864,MintCream
ievans@hotmail.com,33.21718784289895,10.999683661085923,38.44276668680506,4.243812816726185,"2064 Poole Groves
North Chrisland, SC 78169",505.23006828207065,NavajoWhite
john85@rodriguez.info,31.128090049616628,13.278956228597716,37.38718052656558,4.626075291951958,"57120 Frank Keys
Jerryborough, DC 81028-0939",557.2526867470547,Tomato
phillipsmark@byrd.net,33.36951735608769,10.62794922615627,38.04031366664072,3.00295702283384,"6734 Perez Trafficway Suite 395
Nunezland, NC 83245",422.3687366068266,DarkSeaGreen
elizabeth61@berg-braun.com,32.837893053239185,13.185181167368498,35.92159518889928,1.8235951829918027,"649 King Extension
North April, NY 54175",445.0621855089249,Lavender
dbenson@simpson.net,30.574363684171367,11.351049011250831,37.08884657968332,4.078308001651641,"732 Heather Place
North Michael, VT 92527",442.0644137580656,DodgerBlue
stephaniehill@hotmail.com,32.27459383033916,12.954811454937932,37.1088163801084,3.6899166154475918,"8248 Parker Overpass Apt. 024
Lake Pamela, WY 44322-1735",533.0400601788124,Wheat
davisbriana@gmail.com,33.14423399987652,11.737040635272379,37.93518904595916,2.190132185380053,"15298 Erickson Shore Apt. 056
South Patrickfort, MD 16503-3145",424.20282709903245,MediumVioletRed
kday@gmail.com,33.4855197629536,11.887345302061831,35.86244707788159,3.2067566975868704,"4835 Jessica Walk Suite 205
West Jacob, NH 93681",498.63559848917595,Magenta
jonathanconner@morales.biz,31.976480061461288,10.757130926114415,36.59586794587455,1.9770071278430592,"920 Anderson Extensions
Greenfurt, GA 19316-3498",330.5944460341002,SeaShell
anneingram@miller-alexander.com,32.13386240984833,11.612650769570312,39.24880390433504,3.349245382527182,"4301 Park Lake Apt. 158
Spencertown, SD 45934",443.4418600624623,HoneyDew
jeffery48@mcguire.com,32.302553103111435,11.979061483915341,38.26906069147024,3.532861579556475,"52326 Townsend Centers
Lake Williamburgh, NJ 70568-7463",478.600915944333,LightCyan
theresamitchell@martin-chambers.biz,31.82797905546526,12.461147444665416,37.42899736939191,2.9747368150832405,"157 Linda Roads
New Jimmyshire, MH 51942",440.0027475469415,Khaki
christianwade@butler.info,32.018074010632084,10.079463451952432,38.0706642585136,2.6181653103960847,"3687 Sarah Ranch Suite 919
Gainesfort, AK 05665",357.7831107453153,Crimson
tina16@santiago.com,32.997459002491695,12.589240561061523,37.33224074655334,2.8040136926903942,"314 Kidd Run
Johnfort, KS 46546-2732",476.139246872566,White
vancealicia@hotmail.com,31.81642833419931,14.288014590766299,36.77386136993079,2.9644978762354017,"06307 Scott Spurs Suite 161
Jessicaburgh, NH 26093-5908",501.1224915036564,RoyalBlue
dbell@hotmail.com,34.46151473966461,11.917115695587762,37.76668677332467,4.3508878437244665,"3485 Anthony Street Apt. 119
Mikeberg, FL 32602",592.6884532021675,DarkViolet
pamelahampton@martin-cobb.com,32.34279623166797,11.40964461636565,35.77778217066089,3.8724320418689104,"91542 Jessica Springs Suite 255
Thomashaven, MT 39239-3790",486.0834255029927,DarkSeaGreen
mark81@wagner.com,32.30274837339047,12.815392648610311,37.95780983454751,4.615426306527649,"410 Gonzalez Corners Apt. 187
East Stephenport, VT 22771",576.0252441251166,Navy
awerner@manning.com,33.06644065628263,11.673229254101274,37.84065507750671,2.727209453758874,"407 Blake Ways
Port Davidland, WA 78438",442.72289157427144,Gray
robertramirez@kaiser.com,33.894640388465476,10.61053651970745,37.97738873797974,3.537123879902206,"1583 Anderson Coves
East Rebecca, NH 27212",461.7909590614097,Purple
justin26@gmail.com,32.765664587506606,12.506548190327935,35.82346666642284,3.12650948966,"32303 Baldwin Causeway
South Robertside, HI 58126",488.387525780145,RosyBrown
douglas95@yahoo.com,33.76981237165136,11.304462307422884,37.833971728598954,5.137816745950984,"395 Summers Courts Apt. 413
Coopermouth, IA 21205-1079",593.1564014822196,White
qmorse@yahoo.com,31.812482559724266,10.886921180951674,34.897827688311345,3.1286388557446334,"0360 Pearson Dam Suite 263
Lake Shawn, UT 65986-4190",392.81034498379734,MediumTurquoise
jason50@bates.net,32.00850451785513,12.095889485093478,36.37750903434099,3.1789524050534483,"74839 Michael Plains Suite 356
South Austinshire, ND 40309-1424",443.19722102875545,Bisque
qeaton@savage.com,33.30433661798984,12.692661429739388,37.33359061333867,3.8273759151075666,"27032 Michelle Forest
Morrowtown, ND 14749",535.4807751896418,SaddleBrown
tluna@hotmail.com,32.189844729273545,11.386775551280651,38.19748324839899,4.808320372869162,"01512 Hendricks Rue
East Pamela, PR 46481",533.3965537868428,YellowGreen
kara33@gmail.com,34.935605105644306,10.728418539377822,36.88119240747175,4.048510087289211,"5527 Hogan Road
South Jeffreychester, MA 28632",532.1274491097012,LavenderBlush
thomas22@yahoo.com,33.55165060797954,11.936895159842097,35.90025278215821,4.5433324132930855,"7346 Jennifer Green Suite 148
Wagnertown, MT 65972",558.9481123879059,IndianRed
david47@hotmail.com,32.38696867463189,12.717995102314035,35.12882235312117,3.4810621331251683,"37216 Krista Drives
West Andrew, DE 70036",508.77190674151797,DarkKhaki
beasleyjoseph@hotmail.com,33.34450868519732,10.969802874106238,35.9745781075859,2.627624971434411,"1094 Bentley Forges
Lake Antonio, MA 29181-3664",403.7669020956173,SaddleBrown
hoffmandaniel@yahoo.com,33.6727578867203,13.420545742201174,37.76369040280343,4.794312263402832,"922 Hampton Path Suite 198
Port Jasonmouth, FL 46623",640.5840618984408,Orchid
garnerjustin@king.com,34.00207092262163,11.85468192110211,37.491892210406924,2.761861926301417,"0833 Brian Canyon Suite 566
Anthonymouth, VT 01329-7541",461.62827839108616,DarkCyan
francesjohnson@lee.com,32.65539704223188,11.91885970932454,35.71626915951701,2.1596760229888288,"577 Peters Turnpike
Loriport, MA 60572-1669",382.41610786547506,Aquamarine
awu@robinson.org,32.054261851184755,13.149669557991398,37.65040020345744,4.1956144126751305,"0281 Dale Wells Suite 656
East Joshua, ME 73389",561.874657668983,Brown
xevans@hotmail.com,33.22877226969563,12.685393899848075,36.04898625036686,2.139403004485981,"13164 Miller Camp
South Deannaberg, ID 85433",444.57614413373005,DarkMagenta
lauriewilson@jackson.com,32.077590044329135,10.347876945661577,39.04515569638811,3.43455972254092,"389 Joshua Stravenue Apt. 983
Martinezland, MN 29049",401.03313521910604,Cornsilk
cruiz@yahoo.com,33.981005579787784,9.316289204373824,36.91495154541398,2.8684281816397523,"497 Julian Brook Suite 872
Hillberg, FM 87927-5760",384.3260571375157,LightSalmon
tammy12@gmail.com,34.17951756796679,12.581547729914535,35.444264696393994,3.1370689754806826,"78297 Brown Street Apt. 786
East Taylorfurt, AK 97246",527.7829957560522,Chocolate
adamperkins@terrell.com,32.60273898042012,11.764447589452987,37.922703809566,3.5258064121952244,"2595 James Creek Apt. 571
Millerberg, HI 82236",482.14499687576796,PaleVioletRed
willie26@johnson-howard.com,32.03054971621298,12.644202118863696,38.00182746752369,5.038107493844868,"97686 Robertson Cape Suite 607
Port Veronicaside, NE 47293",594.2744834186117,Wheat
yvaughn@meyer.com,33.100357750772915,11.832112231483734,36.841491638054855,3.6122391519936996,"9863 Dawn Court Suite 429
Lake Connie, MI 12238",502.0925279023197,OldLace
carolfarley@gmail.com,32.99059904291544,10.441235061603205,35.93896250240334,2.8950751628043556,"51173 Curtis Cliff Apt. 727
Ramoston, DE 32714-4579",407.65717875932603,SlateBlue
rhonda01@gmail.com,34.385820292995376,12.729719510423307,36.232109802584205,5.705940716620838,"939 Watson Run
Staceyberg, VT 58376-0454",708.9351848669819,Orchid
david80@knight.com,34.357196268204405,9.477777607959723,37.90601452014432,5.0470225513950995,"368 Morris Ports Apt. 735
New Lisaville, GA 34271-8632",531.9615505451646,MediumAquaMarine
aaron04@yahoo.com,33.70511279750195,10.163179060052556,37.76304108154524,4.778973636034998,"16338 Scott Corner Suite 727
West Alexandra, AR 54429",521.2407802357948,SeaGreen
kaylahenderson@hotmail.com,32.40429504598358,11.608997936221536,38.11045690682496,2.96655888465992,"Unit 1609 Box 3480
DPO AA 95185",447.3690271993314,MediumSpringGreen
mholt@hotmail.com,31.829346455921133,11.268259230574026,36.9569654250941,2.6689197733345025,"486 Adams Hills
North Walter, MS 18124",385.152337987975,LightSeaGreen
tanya20@gmail.com,31.366212167187687,11.163159542913277,37.088319364334765,3.6203545888040867,"69279 Stewart Mountains
South Pamela, KS 22541-3414",430.58888255648486,DarkKhaki
aaron89@gmail.com,31.447446494127817,10.101632204781014,38.04345265084127,4.238296188412728,"0128 Sampson Loop Suite 943
Hoffmanton, MO 02122",418.602742095224,SaddleBrown
hunterlucas@gmail.com,33.58294683702328,12.761531278201021,36.90818962373682,2.4793398232086954,"89301 Kylie Crossroad
Petersonberg, MH 23834",478.9514047578855,Turquoise
sfarley@jones.com,32.39742194430904,12.055340161330117,37.68546548721554,3.506967573635258,"0554 Powers Curve
Nathanchester, FL 06878-6336",483.7965220614929,AntiqueWhite
sarahtran@dixon.com,35.03744996157605,11.935934966559183,35.78392374450292,3.310150346576856,"770 Katie Walk Apt. 585
Port David, MN 52850",538.941974531203,GoldenRod
randywhite@armstrong.biz,32.78494023263413,12.451200012438312,36.66579136924871,3.5358024678738276,"0506 Pitts Forks
Woodsbury, AL 98082-8186",486.1637990666317,Teal
tsmith@yahoo.com,33.9717220376126,12.284467067067208,38.29572526401705,1.1304769604319769,"92028 Thomas Mountains Suite 044
New Matthew, MI 02429-0994",385.0950070687634,Bisque
martinezleah@carter.com,33.38599019075222,12.782171794760183,35.55077226680613,3.2287176862706497,"8456 Joseph Locks Suite 926
Christopherport, TN 57784",527.7837897574573,PaleGreen
steven00@combs.com,33.556555671402755,12.960307128914414,37.951946317735135,3.3459223210048927,"64460 Morris Fords
Gonzalesmouth, MI 40832",547.1907493518986,RosyBrown
blakekent@smith-pena.com,33.58737339024554,9.95399500605983,37.34573893439929,3.2156668270219866,"3933 Brooke Point
Johnsonburgh, DE 22659-3488",410.60294394921505,Crimson
amanda03@yahoo.com,34.18818406101828,13.130021664776669,35.42933438847124,3.7905521368804433,"313 Lisa Loop Apt. 543
North Jenniferchester, MN 58819",583.9778019715428,Brown
brandonsmith@yahoo.com,33.59396354804201,11.520566788562215,36.18913179541947,3.5612152714310823,"62106 Nathan Mountain Suite 505
North Matthewborough, AZ 32092-6122",474.5323294398898,Gold
thardy@perry.com,33.236265721508744,10.972554314292413,34.57402758718963,2.931619534651152,"39209 Cooper Neck Apt. 541
Tylermouth, ME 94450",414.9350606518193,SeaGreen
michael86@yahoo.com,33.20891970058922,13.53191346185937,38.95246252162795,3.0465406206892376,"87270 Garrett Cliffs Suite 361
Brooksberg, MO 26555-2502",550.8133677324173,LightYellow
ulee@wells.com,33.63781167586591,12.039502370469922,34.48718474774243,2.739200466766662,"309 Singleton Hollow
Matthewhaven, NJ 68776-7477",458.78113168424994,LemonChiffon
judithsmith@jimenez.biz,33.59048580327403,10.942069621017652,36.17049420248099,2.783963128204522,"186 Anthony Route
Gordonview, AS 78120-4633",407.54216801343483,DarkOrange
nblack@smith-romero.biz,34.195508030962635,12.664192622515646,37.02715036476952,4.330407444211276,"00615 Tracy Islands
New Marcfort, MO 87297-7431",581.3089328795,LightCyan
michaelcampbell@yahoo.com,35.86023651335309,11.730661394277831,36.8821490815068,3.41620997759013,"96480 White Lane Suite 521
Pattersonhaven, OR 39409-4561",546.5566668627299,Gray
rcarter@crane-thompson.org,33.48193057257537,11.918670307379347,37.31770494919684,3.3363393820041853,"14064 Frazier Hills Apt. 176
Amyborough, MP 77858-0018",503.1750851912004,MediumVioletRed
dwhite@gmail.com,33.25823783380398,11.514949066574868,37.128039498322295,4.662845304002564,"02136 White Grove Suite 418
Marytown, DE 70033",549.131573287217,OrangeRed
vancemichelle@gmail.com,32.319857972167306,12.418113202231622,36.155336204959546,3.222080766760957,"6586 Reginald Crest Apt. 061
North Josephfort, NM 55275",482.83098586170183,DeepPink
kylemelendez@hotmail.com,32.43083857908201,13.887275413385504,38.38195597213616,3.7729690246447083,"2749 Cunningham Flat Apt. 838
Derekberg, OH 45288",557.6082620533542,DeepPink
richard35@hale-duncan.net,31.44597248275779,12.846499067474369,37.86921693600857,3.420149530164856,"33940 Craig Throughway Apt. 334
Martinview, IL 62015-0314",484.87696493512857,GhostWhite
waltonkaren@gmail.com,35.74266980593494,10.889828283005029,35.565436237139735,6.115198945760052,"355 Villegas Isle Apt. 070
West Jenniferview, NM 26775-4339",669.9871405017029,Green
contrerastiffany@gmail.com,34.012619460656374,12.914570094327917,36.046203518424534,3.488029991222591,"439 Todd Summit Apt. 478
Mooreland, AR 31655",547.7099885778625,CadetBlue
rogerstiffany@wilson-horne.com,34.14039342796294,11.568526641744768,38.918748541019504,4.082855278762214,"30700 Justin Ports
Port David, PA 52171-5921",537.8252822957112,DarkOliveGreen
waltercharles@sanders.net,32.37798965892753,11.971750786570595,37.19936752783635,2.8296995751470893,"291 Stephen Glens Apt. 532
Jacquelineton, NJ 53606-5656",408.2169017707518,IndianRed
john96@chan-anderson.biz,33.17233109074306,13.07869243953642,37.329818625212354,5.405406467229508,"04290 Barron Square
Laurenmouth, AS 79917-9544",663.0748176067602,Snow
bushsharon@barber.com,33.24732220295966,11.956426484854195,36.5173461200418,3.451750709833103,"0013 Andre Field
Whitebury, AZ 68447-6306",506.37586675019753,DarkSeaGreen
nicolegay@jennings.com,33.59891333929404,13.252737094184228,37.30596141998359,2.935577273740486,"50718 Timothy Light
Garciaport, SC 60266-6696",528.4193296952955,BlueViolet
rchambers@hotmail.com,33.08529799058909,13.093537281195058,38.31564796064117,4.75036007144446,"53964 Weaver Brook Suite 861
Stevensonshire, NY 18128",632.1235881419656,OliveDrab
gomezalicia@hotmail.com,32.278443347919655,12.527471744522868,36.688366542504845,3.5314023030588984,"506 Allison Cove Apt. 766
Weeksstad, AS 71308",488.2702979651482,MediumSpringGreen
potterkenneth@strickland.com,33.441553044751224,11.235968954252515,37.05261630809583,3.904479379627935,"2559 Harris Pines Apt. 514
Michaelshire, ME 21753-8834",508.7357409506604,MediumSlateBlue
charlesjackson@brady-fuller.net,32.86530120924307,12.074830167957376,35.56917031744619,2.3990797897904113,"3802 Veronica Causeway
East Patrickfurt, DC 84522",411.1869635742789,GhostWhite
jacquelinewest@pace-herrera.com,31.52619789823981,12.045331979699332,38.50588332918249,2.847709026474498,"592 Villanueva Village
Woodsstad, AK 20530",409.09452619233787,Purple
stevenjohnson@yahoo.com,33.000849640152055,11.230743306761045,36.99529016635977,3.781703565104839,"PSC 4427, Box 6116
APO AP 87584-5187",467.8009243667916,SandyBrown
johnsonchelsea@gmail.com,32.088380630448206,11.90784409977911,35.18912244437772,4.34977841863416,"19270 Velasquez Coves
Boylechester, AZ 51480",512.165866388158,LightCyan
jenniferjenkins@jones.com,33.26544447284578,13.05221038516131,38.775665296116884,4.574287716419565,"USNS Jacobs
FPO AE 71507-1312",608.2718166151668,LightSalmon
ebutler@rogers-gonzalez.com,32.992573196692234,13.004362005673078,36.98504141740091,4.620416384895069,"001 Estrada Union
Lewismouth, TN 47360",589.0264897562791,Chartreuse
ellenlucas@cox.org,33.86318870719846,11.52352268106905,35.9380452301724,3.0130325004194374,"86268 Davis Corner
North Danielview, CT 59551-9382",444.05382657277266,DarkGoldenRod
elizabethnunez@vasquez-nelson.net,32.59209322575472,10.314717921893896,36.72902940108787,4.791108744558267,"209 Andrew Viaduct
Port Anna, OR 01627-8037",493.18126139071865,Cornsilk
ramirezjacob@turner.com,32.381034590963445,12.433128529733452,37.626906802047884,4.334001444341368,"19704 Kaitlin Flat
West Andrewtown, VI 38642",532.724805462904,Magenta
brian51@cook.info,31.517121802506228,10.745188554182882,38.79123468689964,1.4288238768282668,"0508 Terrance Cliff
Rebekahtown, NC 48724-8308",275.9184206503857,SaddleBrown
victoriajohnson@gmail.com,33.45430192604019,11.016755636715029,37.6373109611636,4.137000388171067,"2082 Christopher Place Apt. 081
Cynthiahaven, HI 99393-8910",511.0387860511611,DarkViolet
lawrencewalton@hotmail.com,32.21552741998912,12.216854693359824,36.95395970110429,2.910530822492482,"584 Patterson Falls
West Alicia, DE 45751",438.41774201146853,Chocolate
ashleymoreno@gmail.com,31.673915503274955,12.329147021418827,37.07437106706513,3.9824623189556387,"11430 Meza Green Suite 037
Martinezborough, FL 40624-8726",475.7250679098812,DarkViolet
wesleyvance@moore.com,33.717554613005134,10.8069660677747,36.01231723045213,3.701229217020273,"210 Johnson Street Suite 717
New Bethanyborough, MO 84817",483.54319386538816,Magenta
edwardbrown@yahoo.com,33.21547157476038,12.135101396955722,37.14209368933963,5.8405058759314255,"2971 Angela Island
Lake Timothychester, NE 48734-6685",663.8036932755082,HotPink
youngellen@hotmail.com,31.574138022873235,12.94155572990243,36.72527682557127,4.560396067343641,"994 Joel Highway Suite 216
New Jessicafort, UT 14179",544.4092721605869,DodgerBlue
robin80@yahoo.com,33.89457038870139,13.300299363336556,36.393683855020775,4.4900020655598345,"928 Bailey Road
East Mary, DE 11678-5634",630.1567281670505,Turquoise
dana59@hotmail.com,33.12869268643142,10.398457713085639,36.68339299807869,3.859817998874009,"31927 Jill Mountain
South Jessica, MN 63418",461.11224843060927,Blue
bwilliams@hotmail.com,34.3703270461643,11.887800415781037,37.86144725932397,3.0466201888222324,"1549 Walker Passage Apt. 463
West Calvin, AZ 03144",491.9115050963458,PaleVioletRed
whitetyler@anderson-avery.com,34.08026009173408,11.591439703136587,36.456898410524325,4.652854446136777,"4547 Stafford Throughway Apt. 178
North Patrick, MD 60768-4837",574.4156896079882,MidnightBlue
rwilliams@trujillo.biz,31.42522688085481,13.27147504252467,37.23984661097634,4.022102909528949,"54560 Thompson Creek Apt. 029
New Brianville, FL 84430-8588",530.766718654762,BlanchedAlmond
randall85@williams.com,33.62530726457669,12.988220598633102,39.672590955941864,3.9694177591077393,"5086 Morales Islands Apt. 099
New Patricia, IL 78823",581.7987976770314,Black
kevin45@mathews.net,31.8627411090001,14.039867262521906,37.02226898591233,3.7382251733253336,"02393 Baker Falls
New Georgeport, ND 36338-5110",556.2981411740467,DodgerBlue
deborah48@white.com,33.29258730730077,11.906507762219915,38.42286529341121,3.37668749953603,"1693 Gary Mission Suite 479
Lake Kelly, MO 68205",502.13278922725397,DarkGreen
hoganrichard@george.com,33.74922777081331,11.137140302310659,38.40137368953426,4.595522708601322,"4929 Michelle Grove
Lake Alexis, MT 92147-1660",556.1863688687886,BlanchedAlmond
kelly24@lewis.info,34.14496898723948,12.902664889103926,36.61119877576035,2.2239934582520533,"983 Ross Glen
West Jessica, NJ 42860-5757",475.07162989966184,Bisque
katherinegray@yahoo.com,31.12397434991195,12.386516256494852,35.63211221551042,4.288486770885737,"685 Sexton Ranch Suite 125
Lake Robertshire, NE 04469-3024",486.9470538397658,Cyan
efoster@williamson-boyd.org,34.27824787999725,11.822721745594304,36.30854529439036,2.1173825415272596,"4968 Bennett Manors
Rogerschester, IL 81579-8333",434.1442020262987,Lavender
jordandavid@gmail.com,33.66661568345138,10.9857637851215,36.35250276938114,0.9364975973183265,"61502 Parker Vista Apt. 363
Jonesshire, GU 33532",304.1355915788555,Violet
sanchezamber@scott-patterson.com,32.25997326555701,14.132893457553365,37.023479236405706,3.7620704427115657,"257 Hunt Manors
South Charlottefort, CT 15033",571.2160048349454,Fuchsia
tinayoung@hotmail.com,35.43316530057876,11.912210479900578,36.08964365766702,4.00096358646012,"83995 Owens Course Apt. 747
South Jennifer, NJ 29942",583.0796356620574,MistyRose
alicia28@fuller.com,31.967320947882403,11.481587147836263,39.24096484164356,3.5325171645393527,"8055 Robinson Brooks Apt. 657
Walterview, KY 83019",445.74984123965226,CadetBlue
rileyalejandro@gmail.com,32.149060522105984,10.04731473507118,37.181447310649894,3.5350884276189447,"Unit 1475 Box 4215
DPO AE 39546-5591",392.9922559140308,LightSteelBlue
oliviamarshall@sawyer-sellers.com,33.918844177834046,12.428736927868275,37.30536187928602,4.158214652664192,"Unit 5934 Box 9748
DPO AA 37361-3043",565.9943634015268,Brown
hortonrobert@hotmail.com,33.20061634140451,11.965980266792482,36.831535850846905,3.5490360574269735,"31309 Stacey Keys Apt. 979
South Jason, KS 35357",499.1401524490539,Salmon
montgomerycheyenne@hotmail.com,32.53677489754807,11.121366060509414,36.97937237345656,4.1292546880945356,"1812 Sandra Shoal Apt. 350
Amandamouth, SC 87794-1628",510.5394216996283,FireBrick
martinkristi@sanchez-coleman.com,34.08366330162949,8.668349517101323,35.906756365793065,2.2524459633808416,"PSC 1893, Box 7023
APO AA 73445",308.52774655803336,Lime
jefferycampbell@gmail.com,33.02502013857587,12.504219807675254,37.64583878801402,4.051382465375181,"381 Ashley Locks Suite 366
North Migueltown, TX 09795-0494",561.5165319790891,GreenYellow
webertom@phelps.com,31.268104210750717,12.132509111641538,35.4567981489283,3.0720761414868827,"189 Crawford Hill Apt. 746
New Madison, WV 14108-4333",423.47053317382387,DarkOrchid
aschmidt@johnson.biz,32.21292383005795,11.732991461588078,35.633953947400784,4.331863026751083,"Unit 1743 Box 8085
DPO AE 47693-8164",513.1531118530668,Blue
lisadelgado@gmail.com,33.499506100675546,11.946590884981754,36.486325072393406,3.937862643180167,"57993 Jennifer Unions Suite 685
Emilyville, OK 53366-2375",529.1945188649573,Olive
sharongraves@yahoo.com,32.90485366735398,12.556107616938167,37.80550943244919,0.2699010899842742,"73098 Ronald Port
Cliffordborough, MO 37479-9244",314.4385182951061,Wheat
flevine@gmail.com,32.204654645678524,12.480701517118195,37.680287608367976,3.2794662600656097,"5292 Melanie Crescent Apt. 064
Fischerborough, NV 85721-5045",478.5842860083426,AliceBlue
rskinner@johnson-jefferson.com,32.67515450844823,12.594194066191111,37.68387537364701,2.5717778354776577,"24725 Neal Lock
Cynthiaville, NY 51578",444.58216497865277,OliveDrab
kiarakim@harris.org,32.99838766242905,10.946841939586896,37.64780805527063,3.8260306175375143,"1502 Gonzalez Throughway
Kathrynchester, FM 86014-7194",475.01540708775025,Linen
rachelrodriguez@lara-waters.com,33.9431185791017,11.48419869378604,36.83936583281821,2.4024538334142234,"35466 Tommy Stream
Port Daniellemouth, KS 68863-6330",436.7205558562188,LightSlateGray
dbrown@gmail.com,33.55210836340867,11.120870867123784,36.80837605948795,4.02781384191709,"76666 Kathy Locks
Port Susan, ME 64335",521.1953105318003,Indigo
mary45@gmail.com,33.67683086814267,10.971392430875488,37.72236711094261,3.629339915268192,"33213 Tanner Knolls Apt. 519
Whiteborough, OR 37119-7790",478.18305971187965,Lime
marcusleach@floyd.org,32.64194636558817,11.588948579712497,36.32214091690131,3.189609941879746,"Unit 3998 Box 4348
DPO AA 37629",432.48116855701767,SteelBlue
lmunoz@yahoo.com,33.42121218172261,10.706641521307747,35.766153500383716,3.3939750434342972,"2100 Austin Camp Apt. 943
Anthonymouth, WV 24243-3781",438.30370784642975,Olive
dvasquez@wiley.com,32.76707608122926,11.07625934092972,34.77975050203264,2.574948470025072,"967 Chloe Springs Suite 554
Lake Ashley, GA 03230",388.94054879219425,HoneyDew
dylanmartin@hotmail.com,33.11995442833815,12.953262542191796,37.03427958207978,3.4720213800343784,"42644 Helen Keys Apt. 103
Jessicahaven, KS 89406-1960",534.7714849461672,MidnightBlue
xkaufman@gmail.com,35.37187609232446,10.572466600106116,36.86218334634355,4.198349060814376,"02342 Melissa Islands
Smithhaven, KS 68335",537.9157529213054,DarkViolet
jasonhensley@yahoo.com,33.9760825800378,11.658036814224134,37.42527868006791,2.086348146609663,"97262 Brian Skyway
Lake Marissa, GU 96859",407.8763782204976,Sienna
gstrong@hotmail.com,34.03416353106073,13.592512657946294,36.83865678634849,3.6059339177330707,"7875 Landry Road Apt. 947
Brownshire, NC 10074-7735",618.8459704239658,Pink
arnoldsamuel@wilson.com,32.77049215854934,11.371767361248999,35.26149811626243,4.034386130357466,"949 Tapia Viaduct
Martinezfurt, CT 79271-8205",502.77107456549606,LightSkyBlue
scottrose@yahoo.com,33.50381038174352,11.233414953540922,37.211152581351115,2.320550249888456,"50639 Sarah Isle Apt. 268
Yangmouth, MO 05540",397.420584096457,SaddleBrown
salazarkaren@hotmail.com,31.874551694585367,10.290350765056484,36.929761561703394,3.491093337009152,"51173 Burton Wall Apt. 417
Prestonville, NY 37002",392.2852442462675,SteelBlue
susanibarra@yahoo.com,32.53323998265473,14.121783839255324,38.40632901011416,5.320093863780987,"426 Scott Radial Apt. 065
Abigailstad, MS 16590-2222",689.2356997616951,Thistle
nhenry@hotmail.com,34.85131416586477,12.41554196333362,37.67232248424959,3.1305384624648442,"3874 Harper Plaza
North Nancy, ME 96802-9462",543.1326262891694,BlanchedAlmond
millerrachel@gallagher-nichols.com,34.21146128149797,10.770248917443363,34.649800047407126,4.985204970864011,"Unit 4742 Box 9517
DPO AE 67219-3123",577.7360248512277,Turquoise
garciakevin@gmail.com,33.45961931752967,12.664390524735163,36.36684324701071,1.7269620431885113,"845 Colleen Ways
Lake Matthewview, VT 65340-3159",436.58074034754827,Orange
philliproberson@yahoo.com,34.200539409318985,12.667808875387266,37.48704924855169,3.7016222869142337,"Unit 0373 Box 8981
DPO AA 89902",553.9946735912697,Beige
kstafford@estes-nguyen.com,31.169506798711588,13.970181074130446,36.67395273856423,1.7851739448879638,"PSC 4856, Box 1297
APO AA 17032-7944",427.35653080229275,YellowGreen
kennethperry@bowen.org,32.518196813999246,11.509253453525043,36.599289087393494,3.0226757598626595,"272 Frederick Lodge
East Andrew, FL 07414",424.7287739291025,SlateGray
prussell@lopez.com,34.523019620716326,11.405770450141057,36.378271013194265,4.041244969129275,"9985 Wolf Pass
Brandimouth, CA 63346",541.0498309594356,Bisque
mosleyjacob@yahoo.com,33.66599032199544,12.263717676034362,38.86023443032663,3.13952693504287,"PSC 1790, Box 8872
APO AE 01821-4769",469.38314617236114,Orange
rhaas@yahoo.com,31.609839573389642,12.71070130045925,36.166463391921475,2.562818810803233,"4502 Jennifer Prairie Suite 029
Lake Jesse, LA 02328-3633",444.5455496511082,DimGray
antonioharris@hotmail.com,33.70088553901973,13.471577671948916,37.0716431982524,2.3790764968915394,"4307 Nicholas Drive Apt. 259
Ramirezberg, AS 59832",492.55683370047706,MediumBlue
austinthomas@gmail.com,33.81173340621725,11.186808718643787,36.29889307823573,4.301996499354755,"5855 Gross Burgs Suite 169
Ballland, AS 98525",535.3216100850124,AntiqueWhite
bethsullivan@reed.net,34.33667722314705,11.246812606011583,38.68258378408295,2.0947616690074846,"80500 Mary Corners Apt. 225
Wallsville, ME 80526",408.9583359406166,Beige
ncummings@yahoo.com,31.06132515671613,12.357638107209013,36.16604163340145,4.089330841235956,"344 Jessica Stravenue
New Brian, MA 04730-6761",487.55545805790155,Beige
hking@hotmail.com,33.06976829928679,11.764325958658198,36.875025808917755,3.5160510174718302,"85181 Christian Courts Suite 758
Larryfurt, MS 38722-6766",487.64623174384167,PeachPuff
annstone@hotmail.com,34.60624245261783,11.761883803681748,38.12651979793058,1.8208106181524433,"543 Reynolds Burg
Melindaberg, KY 46631",402.16712222372564,LightPink
christopher44@hotmail.com,34.23824191192028,11.550300110865926,35.769329630500295,4.1831436617261275,"549 Anna Avenue
Port Laura, CA 76209-9339",551.0230017027826,WhiteSmoke
autumn88@mendoza-mills.com,32.04781463313985,12.482669924970503,35.536024530304154,3.3939027880693717,"214 Obrien Lakes Suite 572
South Jeremy, KS 52867-7617",497.38955775884335,MediumOrchid
dhudson@ramos.net,30.97167564388777,11.731364294077403,36.074551140168914,4.4263640805293125,"5661 Grant Centers
Stevensfurt, CT 53959",494.6386097568927,Olive
egomez@hotmail.com,33.60685082311888,12.21407374586628,37.198427822725975,2.905238361446573,"768 Riley Pine Apt. 624
Kellymouth, OK 98992-3108",479.2474167840931,MistyRose
kimberlyruiz@smith-gordon.com,33.44812500934655,11.903756682535942,36.87454360467994,2.782757828499416,"503 Adams Pines Apt. 638
North Ashleyside, AZ 34687-6128",462.65651893471335,DarkRed
mooremichelle@logan.com,33.36938093820547,12.222483941893726,36.35523488364423,3.4470177927906893,"07813 Randy Point
Lake Thomasberg, MO 06013-9920",515.5024796636585,Pink
aaron22@gmail.com,33.452295280190306,12.005916370756166,36.53409567089256,4.712233578509766,"38678 Sean Drive Suite 293
Karentown, IA 78306-2717",576.4776071703129,DarkGray
michelleshepherd@price.com,32.90469244491627,11.91374515283876,36.058647603220486,1.2281124234144234,"6820 Erica Vista Apt. 418
Brightside, IA 50639",357.85798360521926,Orchid
zscott@wright.com,35.63085386109822,12.125401967944384,38.18776368086846,4.019051426800219,"9909 Hoffman Ranch Suite 195
Scotthaven, SC 53575",597.7398788791847,PeachPuff
tracy79@wheeler.net,32.2463499961189,11.30555143041474,37.133126759376324,1.7073897286757314,"513 Moore Crescent Apt. 416
Amandaberg, GU 03655-2219",327.37795258965207,Magenta
brian28@sanchez.org,34.69559119111866,11.608997070875462,37.68487727530606,3.1630919310737573,"7446 Mary Ferry
Lake Sherryfurt, GA 49066-0207",510.40138845250476,GhostWhite
leonardhancock@hotmail.com,34.34392190842758,11.693058197072652,36.812934125501464,3.4470928961368963,"64147 Alexander Station Apt. 474
East Jasonview, MN 83788",510.50147847479735,SeaShell
davidsonkathleen@gmail.com,33.680936949606156,11.201569884684467,37.83544772741218,2.208813678005546,"70128 Zimmerman Overpass
Robertsshire, VA 59860",403.8195198321978,DarkBlue
nathan84@lowery.net,32.06091439841006,12.625432642053951,35.539142427505084,5.412357839551379,"01242 Stephanie Ways Suite 003
Churchville, MO 35617",627.603318713015,MediumSeaGreen
kellydeborah@chan.biz,33.431097102487136,13.35063168445937,37.96597162275134,2.768851943263104,"354 Sanchez Wall Suite 884
Juliabury, VI 39735",510.661792219672,DarkTurquoise
lewisjessica@craig-evans.com,33.23765998436727,13.566159613087605,36.417984796396794,3.7465729731034663,"4483 Jones Motorway Suite 872
Lake Jamiefurt, UT 75292",573.8474377162277,Tan
katrina56@gmail.com,34.70252897286158,11.695736293481328,37.190267710452595,3.5765259152594644,"172 Owen Divide Suite 497
West Richard, CA 19320",529.0490041294304,PaleVioletRed
dale88@hotmail.com,32.64677668060689,11.499409061002083,38.33257633196044,4.958264472618698,"0787 Andrews Ranch Apt. 633
South Chadburgh, TN 56128",551.6201454762476,Cornsilk
cwilson@hotmail.com,33.322501051305466,12.391422991118318,36.840085729767004,2.336484668112853,"680 Jennifer Lodge Apt. 808
Brendachester, TX 05000-5873",456.469510066298,Teal
hannahwilson@davidson.com,33.71598091844986,12.418808324753911,35.771016191612965,2.735159567082275,"49791 Rachel Heights Apt. 898
East Drewborough, OR 55919-9528",497.7786422156802,DarkMagenta
